tweetDate,userId,userName,tweetId,tweetText,retweetedTweet,quotedTweet,hashtag,replyCount,retweetCount,likeCount,viewCount
2023-05-29 14:25:35+00:00,50600749,imessi,1663189850844012547,"#Messi with @coldplay in Barcelona, yesterday! https://t.co/cZP3pCZK0s",,,['Messi'],8,20,446,16615.0
2023-05-29 12:55:43+00:00,50600749,imessi,1663167233269399552,"According to El National De Catalunya, @ManUtd is one of the clubs that could end up convincing #Messi to join them as a free agent. Do you see this happening? https://t.co/o9QKyjL77M",,,['Messi'],6,7,98,11835.0
2023-05-28 19:07:38+00:00,50600749,imessi,1662898442966913024,"Messi, with his first successful dribble against Strasbourg, Messi has become only the second player in Europe‚Äôs top five leagues, after Real Madrid‚Äôs Vin√≠cius J√∫nior, to complete 100 dribbles this 2022-23 season. https://t.co/FRkDpqqp9S",,,,5,7,175,9772.0
2023-05-28 01:30:41+00:00,50600749,imessi,1662632450462302210,"#Messi scores and becomes the all-time top scorer in the 5 major European leagues history. 496 goals. PSG claim 11th Title. #Messi has now won 43 career trophies, leaving him tied with former Barcelona team-mate Dani Alves for the most of all time. https://t.co/i9oWUtFPn2",,,"['Messi', 'Messi']",10,19,510,17229.0
2023-05-24 09:50:38+00:00,50600749,imessi,1661308719429214208,"According to El Chiringuito, #Messi has already accepted a ‚Ç¨350 million ($377 million) a season offer to continue his career in the Middle East which would immediately set him up to dethrone generational rival @Cristiano at the top of Forbes' list of the World's Highest-Paid Athletes.",,,['Messi'],66,35,558,48744.0
2023-05-23 09:17:21+00:00,50600749,imessi,1660937951994314756,"Maldini has named the late Diego Maradona and Brazilian legend, Ronaldo Nazario as the two best attackers he ever faced during his career.

Maldini: I did not play against @iMessi, thank God. @Cristiano is a great striker, but he has less magic than the other two.‚Äù https://t.co/zYsnOKghJP",,,,45,29,886,48708.0
2023-05-22 18:38:56+00:00,50600749,imessi,1660716893194403842,#PSG superstar Lionel #MessiìÉµ  could become football's most decorated player if he seals Ligue 1 title https://t.co/HvQBN8WItZ,,,"['PSG', 'MessiìÉµ']",25,25,566,25758.0
2023-05-21 19:23:30+00:00,50600749,imessi,1660365721216466944,"Marquinhos has warns fans off targeting Messi again.
""I always respect protests when they are peaceful, at the times and places where it is necessary,"" he told L'Equipe.",,,,33,35,844,39546.0
2023-05-19 14:26:16+00:00,50600749,imessi,1659566142757715971,"PSG with and without Messi in Ligue 1 Uber Eats in 2022/23
 
Ligue 1 total
P35, W26, L6, D3, GF84, GA35, GD49, Pts81
 
Ligue 1 with Messi
P29, W23, L4, D2, GF75, GA26, GD49, Pts71
Average points: 2.45, average scoreline: 2.6-0.9
 
Ligue 1 without Messi
P6, W3, L2, D1, GF9, GA9, GD0, Pts10
Average points: 1.67, average scoreline: 1.5-1.5",,,,8,11,185,18250.0
2023-05-15 17:58:09+00:00,50600749,imessi,1658169913721208832,Messi in SaudiArabia https://t.co/LCVUMLaSAX,,,,19,26,624,22878.0
2023-05-15 14:46:06+00:00,50600749,imessi,1658121584270295041,"Laporta : Messi is a Paris St-Germain player and we have to wait until the end of the season, until it is over, and then we can talk more calmly about this. With all due respect to Saudi Arabia, Barca is Barca, and it is home. https://t.co/O9Zf6RIFZ0",,,,8,7,200,14114.0
2023-05-14 10:11:13+00:00,50600749,imessi,1657690020159844353,#MessiìÉµ with all his trophies https://t.co/0t0oD7NqEW,,,['MessiìÉµ'],25,33,554,19309.0
2023-05-14 09:38:22+00:00,50600749,imessi,1657681753010495492,Training! https://t.co/vJzlvANml2,,,,7,10,353,17569.0
2023-05-12 09:42:01+00:00,50600749,imessi,1656957892879085568,Where do you think he will play next season? https://t.co/HqFNjV2Igr,,,,105,28,722,39286.0
2023-05-08 19:54:31+00:00,50600749,imessi,1655662482839445525,Laureus World Sportsman of the Year award: Lionel Messi https://t.co/LSvK8OLGNQ,,,,25,15,459,29750.0
2023-05-08 10:20:42+00:00,50600749,imessi,1655518079760080897,Most league Goals! https://t.co/WU0L8LlZ98,,,,17,18,357,26205.0
2023-05-05 17:05:20+00:00,50600749,imessi,1654532742426525696,"‚ÄúI thought we were going to have a day off after the game as always. I had this trip organised and I couldn't cancel it.  I apologise to my teammates.""",,https://twitter.com/barcacentre/status/1654506751222325249,,40,14,373,46732.0
2023-04-29 17:55:32+00:00,50600749,imessi,1652371050187968512,New shoes from @adidasfootball @adidasUK https://t.co/Ua0FoarT5v,,,,65,47,1275,62083.0
2023-04-27 22:47:13+00:00,50600749,imessi,1651719677955981317,Is this the best goal ever scored by Messi?,,https://twitter.com/FCBarcelona/status/1651491167870021634,,26,17,283,41545.0
2023-04-25 20:48:10+00:00,50600749,imessi,1650964944265805824,IFFHS - world s best player + playmaker + scorer https://t.co/C55tAm5qjT,,,,34,31,782,36354.0
2023-04-20 17:23:31+00:00,50600749,imessi,1649101503481757699,Best goal ever?,,https://twitter.com/TheSportsman/status/1648249494285295617,,16,15,329,68042.0
2023-04-19 22:42:44+00:00,50600749,imessi,1648819449074528268,This is what @Cristiano said about #MessiìÉµ https://t.co/s78v7FnaNm,,,['MessiìÉµ'],8,5,73,29872.0
2023-04-18 19:02:16+00:00,50600749,imessi,1648401579119202308,"Lionel Messi is at the point where he simply has no more room for prizes and has even gave La Liga 2020/21 Best Player away.

Messi arrived in Paris, I asked him if he would give it to me and he gave it to me,‚Äù Paredes has been quoted saying by SPORTbible. https://t.co/eBAXmTQLJm",,,,16,18,316,29475.0
2023-04-18 00:13:02+00:00,50600749,imessi,1648117395347603456,"#Messi wrote history when he netted on Saturday. With 495 goals,¬†Messi has the most goals in European top 5 league history. https://t.co/YAjlxYKUzg",,,['Messi'],23,14,407,28580.0
2023-04-09 15:17:16+00:00,50600749,imessi,1645083461370232833,"Messi grabbed himself a goal and assist on Saturday night as PSG beat Nice 2-0 in Ligue 1. It was his assist for their second goal that brought up the 1,000th goal involvement of his club career. Ironically, he set up long-time rival Sergio Ramos for PSG. https://t.co/0I6G6pS1J9",,,,31,21,494,38187.0
2023-04-08 09:44:43+00:00,50600749,imessi,1644637385605382144,Argentina ranked number 1 in FIFA rankings. #messi https://t.co/pXhdFxux85,,,['messi'],32,24,942,42275.0
2023-04-06 20:23:39+00:00,50600749,imessi,1644073403152826376,"#Messi had reached an ""agreement in principle"" to renew his contract at Paris St-Germain for another year, with his priority to continue in elite European football until the 2024 Copa America. https://t.co/tczNYTM6bU",,,['Messi'],31,16,557,45925.0
2023-04-04 00:47:28+00:00,50600749,imessi,1643052633215713282,Sir Alex hugged and kissed my forehead even after we defeated his Manchester United team in the Champions League final. He said things I didn't understand but his body language showed me how much of a great man he is.,,,,6,4,100,19718.0
2023-04-04 00:47:27+00:00,50600749,imessi,1643052628346286080,"#Messi on which coaches he respects a lot that have never coached him: ""It has to be between two, although I respect all other football coaches. I reserve special respect for Jose Mourinho and Sir Alex Ferguson. https://t.co/wY0qEzslTP",,,['Messi'],12,22,560,39541.0
2023-04-01 23:23:19+00:00,50600749,imessi,1642306679474724872,Xavi: ‚ÄúI'd love for Messi to return. It's a topic we're working on.‚Äù https://t.co/D7khC9JAWg,,,,24,30,957,40619.0
2023-03-29 08:06:29+00:00,50600749,imessi,1640988784970944513,Seven-time Ballon d'Or winner  #Messi passed 100 international goals as he scored his seventh international hat-trick in a friendly win at home to Curacao. https://t.co/q5ejTCzXLL,,,['Messi'],6,17,476,23462.0
2023-03-28 23:08:15+00:00,50600749,imessi,1640853336726425600,"#Messi, who inspired his country to global glory at Qatar 2022, is being immortalised in the official museum of South American football alongside fellow legends Diego Maradona and Pele. https://t.co/q5gFLNjZRZ",,,['Messi'],10,18,483,23245.0
2023-03-27 19:39:36+00:00,50600749,imessi,1640438441367183375,https://t.co/TpGr0NPMXu,,,,19,17,637,32055.0
2023-03-25 09:20:18+00:00,50600749,imessi,1639557810928197637,"As per ESPN:                                               ‚úÖ 800 goals for club &amp; country
‚úÖ 1 World Cup
‚úÖ 1 Copa Am√©rica
‚úÖ 7 Ballon d'Ors
‚úÖ 4 Champions Leagues
‚úÖ 11 League Titles https://t.co/73WAnhJnMO",,,,33,31,741,33640.0
2023-03-25 04:03:41+00:00,50600749,imessi,1639478133475667974,Lionel #Messi scored his 800th top-level goal as Argentina beat Panama 2-0 in their first match since winning the World Cup. https://t.co/63Hxar9koA,,,['Messi'],12,8,300,18972.0
2023-03-25 03:55:18+00:00,50600749,imessi,1639476024592195585,No caption needed! https://t.co/DOjEx6bx2q,,,,16,16,905,31416.0
2023-03-23 09:57:16+00:00,50600749,imessi,1638842337601126400,"#Messi said about @10Ronaldinho: ‚ÄúWhat happened was ugly. He didn‚Äôt deserve that after everything he did for the club.
‚ÄúChanging Barcelona‚Äôs history. The way he left was very strange, I wish I could have spent a couple more years with him.‚Äù https://t.co/7yAMDVJ26K",,,['Messi'],18,17,435,25752.0
2023-03-20 14:34:25+00:00,50600749,imessi,1637824923631591424,#Messi is reportedly set to be offered a deal worth ¬£194m-a-season to move to Saudi Arabia after his father was spotted in Riyadh earlier this week.,,,['Messi'],12,3,100,26612.0
2023-03-15 04:10:43+00:00,50600749,imessi,1635856025755725826,"Lionel #MessiìÉµ  could be about to leave Europe for a stint in the Middle East ‚Äì playing against long-time frenemy, Cristiano Ronaldo. Do you think he will go to Barcelona, Middle East or stay at PSG?",,,['MessiìÉµ'],32,7,117,33304.0
2023-03-02 04:08:08+00:00,50600749,imessi,1631144332924256259,"#Messi ranked 52 points, just eight more than @KMbappe 's tally. Karim Benzema ended up in the third spot behind Messi and Mbappe with 34 points to his name. https://t.co/yMUdBxWBxH",,,['Messi'],63,33,919,65418.0
2023-02-28 05:58:42+00:00,50600749,imessi,1630447381262094336,"Officially, the best ever to play football - #Messi: ""I would like to thank my colleagues without them, I would not have reached this place. This year was a dream for me, through which I was able to achieve my dream that I have strived for for years."" https://t.co/jGZVB8eDT6",,,['Messi'],57,51,1151,59612.0
2023-02-27 07:44:46+00:00,50600749,imessi,1630111686404329476,#Messi scored his 700th career club goal in PSG‚Äôs 3-0 win over Marseille https://t.co/DR7orze5es,,,['Messi'],25,46,915,47044.0
2023-02-26 08:24:16+00:00,50600749,imessi,1629759238183477249,"Messi is expected to win FIFA Men‚Äôs Best Player award, ahead of Karim Benzema.
The prestigious award was won by Robert Lewandowski last year, but is now likely to be won by Messi, whose tremendous performances at World Cup helped Argentina triumph for the first time since 1986. https://t.co/roP3ZZP36K",,,,18,22,615,38397.0
2023-02-25 07:31:58+00:00,50600749,imessi,1629383687434321922,"Lionel Messi is the favorite to win the top 3 individual awards in 2023. Will he win them all?

7th The Best FIFA
8th Ballon d'Or
2nd Laureus for Best Sportsman of the Year https://t.co/GumIIg2dyR",,,,33,68,1567,51470.0
2023-02-25 06:56:27+00:00,50600749,imessi,1629374751524233216,Training! https://t.co/zLjx4oVMle,,,,9,14,386,24171.0
2023-02-21 09:52:27+00:00,50600749,imessi,1627969492377604096,Barcelona! https://t.co/RbiQ61GytE,,,,32,39,1334,43197.0
2023-02-14 07:48:33+00:00,50600749,imessi,1625401594987659265,Ready for Champions league? #uefachampionsleague #psgvsbayern https://t.co/zswiiHuv0h,,,"['uefachampionsleague', 'psgvsbayern']",22,16,558,42316.0
2023-02-12 23:48:35+00:00,50600749,imessi,1624918421291892738,"Argentina forward Lionel #Messi is on the shortlist for the FIFA Best Male Player award, joined by Paris St Germain team mate Kylian Mbappe and Real Madrid striker Karim Benzema. Who do you think is the best among them? https://t.co/jBvdufS2Zj",,,['Messi'],36,31,481,49288.0
2023-02-09 22:41:41+00:00,50600749,imessi,1623814421712707587,Is #Messi for real? Unbelievable touch and control! https://t.co/FkfaDiyyYV,,,['Messi'],25,56,594,49878.0
2023-02-08 11:06:49+00:00,50600749,imessi,1623277163938971653,"#Messi has again starred this season, scoring 15 goals and notching 14 assists in all competitions to push #PSG eight points clear at the top of the table. https://t.co/CveZEXPnlD",,,"['Messi', 'PSG']",20,18,651,39894.0
2023-02-05 18:52:57+00:00,50600749,imessi,1622307305713696769,Another day - another goal https://t.co/3zKhox41ep,,,,13,15,443,35025.0
2023-02-04 13:50:18+00:00,50600749,imessi,1621868753016311810,Friends https://t.co/mWaezY4HIR,,,,26,43,1592,54017.0
2023-02-01 23:26:01+00:00,50600749,imessi,1620926473883508738,Another day - another goal #MessiìÉµ #PSG https://t.co/kgraZCSZdK,,,"['MessiìÉµ', 'PSG']",19,33,766,39959.0
2023-01-28 00:11:44+00:00,50600749,imessi,1619126038574891015,Dias en familia https://t.co/kVhSmOE83X,,,,28,34,1012,53731.0
2023-01-24 00:38:26+00:00,50600749,imessi,1617683206547070976,Lionel #Messi had his left foot immortalised in a golden cast worth an eye-watering ¬£3.4 million back in 2013. https://t.co/dkTklTkiyP,,,['Messi'],17,25,540,43548.0
2023-01-20 11:54:18+00:00,50600749,imessi,1616403743230115843,Good reunion! https://t.co/JbnwbVuuzx,,,,15,40,1108,58781.0
2023-01-20 00:04:12+00:00,50600749,imessi,1616225041745575943,"#Messi vs #Cristiano Ronaldo - #messivsronaldo all the goals! Who was better?
https://t.co/GyMQLNy8q8",,,"['Messi', 'Cristiano', 'messivsronaldo']",3,1,82,28273.0
2023-01-18 19:58:15+00:00,50600749,imessi,1615800757554450436,"World Cup champion @imessi has landed in Qatar with 
@qatarairways for winter tour where @PSG_inside will have a training session in Khalifa stadium today and then head to Saudi for their friendly against @AlNassrFC star https://t.co/fQZQk8yR9w",,,,5,7,189,28019.0
2023-01-18 19:47:24+00:00,50600749,imessi,1615798028794732550,"""What a beautiful madness we lived during all that time we ended up lifting the cup we all wanted so much."" https://t.co/z2lFmUtDbn",,,,10,5,196,17124.0
2023-01-18 19:47:23+00:00,50600749,imessi,1615798024713736207,"""Obviously, being champions makes everything more beautiful, but what a beautiful month I had, how many beautiful memories I have and miss. ""I miss my team-mates, the day to day with them, the mates, the talks, training sessions, the bull**** we did. https://t.co/AoyU9go9Y7",,,,8,31,383,32169.0
2023-01-17 11:11:02+00:00,50600749,imessi,1615305690796417026,Are you ready for the final show down between #Messi and #Ronaldo on 19th January? @Cristiano will reportedly make his Saudi Arabian debut as CAPTAIN. https://t.co/hXXKoKdRNJ,,,"['Messi', 'Ronaldo']",20,17,579,37176.0
2023-01-14 20:06:26+00:00,50600749,imessi,1614353266774626305,"World class goal by #Messi vs Angers
https://t.co/kMFHp8Iphm",,,['Messi'],2,0,78,21658.0
2023-01-11 23:21:46+00:00,50600749,imessi,1613315259850260480,"#MessiìÉµ  scores on his first outing as a World Champion - he was involved in everything
https://t.co/IvpwvAWIzj",,,['MessiìÉµ'],5,5,115,25396.0
2023-01-11 06:15:15+00:00,50600749,imessi,1613056928594247682,"Children are our future. And each child, no matter where they live or where they were born, deserves a fair chance. An equal opportunity to learn and grow.¬†@byjus and their world-changing initiative¬†#EducationForAll¬†are helping children from underserved communities https://t.co/LikRXNAGTp",,,['EducationForAll'],23,26,845,40952.0
2023-01-08 17:06:57+00:00,50600749,imessi,1612133771461152772,Beat that? Anyone? https://t.co/Z4n9tT0B5T,,,,15,52,1232,44635.0
2023-01-07 23:13:57+00:00,50600749,imessi,1611863740676186115,19 years old #Messi https://t.co/5mF1BFinWV,,,['Messi'],10,86,1299,71360.0
2023-01-06 11:57:08+00:00,50600749,imessi,1611331026474921986,This is what he achieved in 2022 - #MessiìÉµ https://t.co/DT1HD24eFD,,,['MessiìÉµ'],26,144,2363,76784.0
2023-01-05 23:16:23+00:00,50600749,imessi,1611139576583651330,Friendship #MessiìÉµ @neymarjr https://t.co/zfvRymWbDn,,,['MessiìÉµ'],12,23,824,31593.0
2023-01-04 20:34:36+00:00,50600749,imessi,1610736477079470105,Guard of honour for #MessiìÉµ @PSG_inside https://t.co/LsKFGkyjlo,,,['MessiìÉµ'],18,18,478,26263.0
2023-01-04 18:49:48+00:00,50600749,imessi,1610710101609922575,"Muchas gracias a mis compa√±eros y a todas las personas del club por el recibimiento que me dieron. Ya estamos de regreso y con muchas ganas de seguir cumpliendo los objetivos de esta temporada, ahora con el @PSG_inside https://t.co/yv8wSgfnVm",,,,10,16,443,23601.0
2023-01-04 02:19:42+00:00,50600749,imessi,1610460935587565571,Family ‚ù§Ô∏è https://t.co/V3xYhgnWZ1,,,,15,29,1241,36111.0
2023-01-03 16:11:04+00:00,50600749,imessi,1610307767830462469,The king is back! #MessiìÉµ #PSG https://t.co/HHrwgmJqh7,,,"['MessiìÉµ', 'PSG']",25,50,1713,47575.0
2023-01-01 00:31:50+00:00,50600749,imessi,1609346624748126210,Un abrazo enorme a todos!,,,,2,4,102,18644.0
2023-01-01 00:31:49+00:00,50600749,imessi,1609346623162974211,"toda la gente de mi pa√≠s como de Par√≠s, Barcelona y de tantas otras ciudades y pa√≠ses desde los cuales vengo recibiendo cari√±o. Ojal√° que este a√±o haya sido tambi√©n maravilloso para todos y les deseo toda la salud y la fuerza para seguir siendo felices en 2023.",,,,9,8,129,20677.0
2023-01-01 00:31:49+00:00,50600749,imessi,1609346621124534272,"quedara en el piso cada vez que me ca√≠.

Tambi√©n quiero tener un recuerdo muy especial para todas las personas que me siguen y me bancan, es incre√≠ble poder compartir este camino con todos ustedes. Ser√≠a imposible llegar hasta donde llegu√© sin tanto aliento que recib√≠ tanto de",,,,3,6,63,5596.0
2023-01-01 00:31:48+00:00,50600749,imessi,1609346618951598081,"Termina un a√±o que jam√°s podr√© olvidar. El sue√±o que siempre persegu√≠ por fin se cumpli√≥. Pero eso no valdr√≠a tampoco nada si no fuera porque puedo compartirlo con una familia maravillosa, la mejor que se puede tener, y unos amigos que me apoyan siempre y no dejaron que me https://t.co/Gpb3os5JgM",,,,26,24,754,41114.0
2022-12-29 21:09:44+00:00,50600749,imessi,1608570988060446721,"Descansa en Paz, Pele https://t.co/Oz8yeMnLcF",,,,62,65,1556,95058.0
2022-12-28 23:12:04+00:00,50600749,imessi,1608239387497611266,"Supporters SWARM around #Messi car as #Argentina's #WorldCup hero arrives for his niece's birthday party¬†as they attempted to attend his niece's birthday, with fans seen surrounding his car on arrival at the venue. https://t.co/uWydzw6KAA",,,"['Messi', 'Argentina', 'WorldCup']",9,6,270,38245.0
2022-12-26 14:09:58+00:00,50600749,imessi,1607378189721927682,The happiest family ‚ù§Ô∏è - #messi https://t.co/vmcDjhbEVV,,,['messi'],73,129,5042,121437.0
2022-12-24 19:34:10+00:00,50600749,imessi,1606735000686182400,When @LuisSuarez9 joins #MessiìÉµ - to celebrate #WorldcupQatar2022 success! https://t.co/SeOpAtXlrE,,,"['MessiìÉµ', 'WorldcupQatar2022']",16,14,849,41390.0
2022-12-24 17:07:44+00:00,50600749,imessi,1606698151523516417,"#Argentina captain Lionel #MessiìÉµ  has reached an ""agreement in principle"" to renew his contract at #PSG https://t.co/Eq2YTt5cng",,,"['Argentina', 'MessiìÉµ', 'PSG']",10,36,1240,52103.0
2022-12-23 09:16:10+00:00,50600749,imessi,1606217087415857152,#Messi has done it All. The GOAT debate is over for sure! https://t.co/HzvxCiFy4J,,,['Messi'],52,101,1602,76742.0
2022-12-22 22:59:04+00:00,50600749,imessi,1606061789052952576,You have thrilled the whole nation and supporters around the world #MessiìÉµ https://t.co/M7neEkJ0EJ,,,['MessiìÉµ'],22,42,1111,44861.0
2022-12-22 15:48:21+00:00,50600749,imessi,1605953396086755329,"Lionel #Messi brought the #WorldCup back to Buenos Aires, where thousands of supporters waited up through the night to line the streets for their return following their success in #QatarWorldCup https://t.co/HcV5ycpCoC",,,"['Messi', 'WorldCup', 'QatarWorldCup']",7,20,482,31789.0
2022-12-22 12:16:19+00:00,50600749,imessi,1605900037376065536,"""I enjoy being in the national team and want to continue by experiencing a few more games as a world champion.""
He added: ""Obviously I wanted to cap my career with this and I can't ask for anything more.""",,,,6,9,157,23918.0
2022-12-22 12:16:18+00:00,50600749,imessi,1605900032179331072,"Lionel #Messi says he will not retire from international football after captaining #Argentina to a first World Cup trophy in 36 years.
 ""I love football, it's what I do,"" he said. https://t.co/Z188Zy2AxP",,,"['Messi', 'Argentina']",15,34,906,38670.0
2022-12-21 18:38:42+00:00,50600749,imessi,1605633878865084446,Yes they have brought honour to #Argentina #MessiìÉµ #Maradona https://t.co/2DWqkfBJBA,,,"['Argentina', 'MessiìÉµ', 'Maradona']",22,17,708,39638.0
2022-12-21 16:01:54+00:00,50600749,imessi,1605594418412756994,"The GOAT #üêê debate is done! Is there anyone better than #MessiìÉµ ? Maradona, Pele, Cristiano? No one! https://t.co/RQkMQy0ZBb",,,['MessiìÉµ'],52,90,2247,78521.0
2022-12-21 11:26:10+00:00,50600749,imessi,1605525027713036290,Does this need a caption? #MessiìÉµ #WorldCup #arg https://t.co/PkgW8diIIW,,,"['MessiìÉµ', 'WorldCup', 'arg']",43,52,1542,51747.0
2022-12-21 00:59:17+00:00,50600749,imessi,1605367266580668416,Imagine - waking up like this! #MessiìÉµ #WorldCup #Argentina https://t.co/brSiBvwcsM,,,"['MessiìÉµ', 'WorldCup', 'Argentina']",56,89,1777,73822.0
2022-12-20 21:58:10+00:00,50600749,imessi,1605321689054806021,Celebrations in #Argentina - they are ready to welcome #MessiìÉµ https://t.co/rHlEJMq0Pm,,,"['Argentina', 'MessiìÉµ']",20,71,943,56531.0
2022-12-20 18:11:58+00:00,50600749,imessi,1605264764548030489,"5 - most appearances in World Cup tournaments by a male player
First person to assist (a goal) at five different World Cups",,,,3,2,110,27980.0
2022-12-20 18:11:58+00:00,50600749,imessi,1605264762610372608,"#MessiìÉµ  had surpassed Germany's Lothar Matth√§us for the record of most #WorldCup matches played, with 26 - as well as four other records:
11 - most World Cup Man of the Match awards
19 - most World Cup appearances as captain

https://t.co/bRnzEYEggc",,,"['MessiìÉµ', 'WorldCup']",17,23,582,37734.0
2022-12-19 15:07:24+00:00,50600749,imessi,1604855926154055683,"Another record made: #MessiìÉµ  has now been involved in 21 goals for #Argentina at #WorldCup s - 13 goals and eight assists, the most by any player for any nation. Watch the magical touches in HD
https://t.co/alFM6TtTM9",,,"['MessiìÉµ', 'Argentina', 'WorldCup']",36,22,400,95839.0
2022-12-19 12:49:38+00:00,50600749,imessi,1604821256183767040,"The bus journey the Argentina team was treated to last night, through the streets of Doha - complete with a procession of camels...#FIFAWorldCup #MessiìÉµ https://t.co/PhP6pFcrON",,,"['FIFAWorldCup', 'MessiìÉµ']",25,99,1379,103561.0
2022-12-18 23:55:38+00:00,50600749,imessi,1604626472806801410,Lionel #MessiìÉµ  replicates exactly Diego #Maradona  ‚Äôs pose https://t.co/asy12wxLK7,,,"['MessiìÉµ', 'Maradona']",108,273,3929,173339.0
2022-12-18 23:27:10+00:00,50600749,imessi,1604619309963149312,"#MessiìÉµ  can now add the World Cup to seven Ballons d'Or, four Champions Leagues, one Copa America, 10 La Liga titles with Barcelona and a Ligue 1 with PSG. Messi picked up the Golden Ball for player of the tournament, the first player to win it twice (2014 &amp; 2022). https://t.co/Unia0pMFRY",,,['MessiìÉµ'],35,101,1561,95675.0
2022-12-18 18:55:10+00:00,50600749,imessi,1604550857076383744,"Lionel #Messi rubs his hands together in glee, takes possession of the #WorldCup, gives it a shine and lifts it into the #Qatar sky. #ArgentinaVsFrance https://t.co/5F42C0E6OB",,,"['Messi', 'WorldCup', 'Qatar', 'ArgentinaVsFrance']",54,111,1829,85953.0
2022-12-18 18:52:02+00:00,50600749,imessi,1604550071168962560,#MessiìÉµ  kisses the #WorldCup trophy  #worldcuptrophy Credit: Reuters https://t.co/jQOn1UXhBW,,,"['MessiìÉµ', 'WorldCup', 'worldcuptrophy']",32,61,1243,63495.0
2022-12-18 18:46:46+00:00,50600749,imessi,1604548744883699715,"Lionel #MessiìÉµ , the man who will come to define this #WorldCup  and arguably its greatest ever final, rubs his hands together in happiness, takes possession of the #worldcuptrophy , gives it a shine and lifts it into the #Qatar sky.",,,"['MessiìÉµ', 'WorldCup', 'worldcuptrophy', 'Qatar']",12,16,280,45835.0
2022-12-18 18:33:43+00:00,50600749,imessi,1604545459246465025,"The player of the tournament? Well, that goes to Lionel #MessiìÉµ .
He gets an even bigger cheer!

Greatest player of all time? 

He plants a kiss on the World Cup trophy as he passes. Hello beautiful!",,,['MessiìÉµ'],8,10,224,42281.0
2022-12-18 18:20:33+00:00,50600749,imessi,1604542146358525954,"#Messi has just been announced as man of the match f, bringing another roar from the #Argentina fans. It had to be him, didn't it? #WorldCupFinal",,,"['Messi', 'Argentina', 'WorldCupFinal']",16,22,343,45811.0
2022-12-18 17:58:00+00:00,50600749,imessi,1604536470936891392,We won the World Cup ‚ù§Ô∏è‚ù§Ô∏è‚ù§Ô∏è‚ù§Ô∏è#messi,,,['messi'],313,213,3620,116512.0
2022-12-18 17:30:31+00:00,50600749,imessi,1604529555322310656,Can‚Äôt believe this. What a goallllll by #MessiìÉµ - come on #argentina - win it for Messi now,,,"['MessiìÉµ', 'argentina']",16,10,258,38752.0
2022-12-18 15:59:51+00:00,50600749,imessi,1604506738866225154,"Lionel #MessiìÉµ  is the first player in #WorldCup history to score in the group stage, round of 16, quarter-final, semi-final and final in a single edition of the tournament.",,,"['MessiìÉµ', 'WorldCup']",13,21,296,39885.0
2022-12-18 15:44:39+00:00,50600749,imessi,1604502913208000516,Unbelievable #MessiìÉµ and unbelievable #Argentina - #ArgentinaVsFrance,,,"['MessiìÉµ', 'Argentina', 'ArgentinaVsFrance']",6,12,152,34743.0
2022-12-17 11:55:23+00:00,50600749,imessi,1604082829524189184,"So, is it going tobe Messi or Mbappe, tomorrow? #ArgentinaVsFrance #MessiìÉµ  #Mbappe https://t.co/OyX37doG8n",,,"['ArgentinaVsFrance', 'MessiìÉµ', 'Mbappe']",43,28,531,58499.0
2022-12-17 11:47:39+00:00,50600749,imessi,1604080884277301248,"Lionel #MessiìÉµ  has 11 goals and eight assists in 25 #WorldCup appearances. If he scores or assists in the final, he will be the first player to record 20 goal involvements at the competition (counting goals all-time and assists since 1966).",,,"['MessiìÉµ', 'WorldCup']",7,6,205,32808.0
2022-12-15 19:25:11+00:00,50600749,imessi,1603471248805269513,"The sides met in the quarter final four years ago, when #MessiìÉµ  caught #France and Deschamps by surprise, by playing centre forward. 'Now he is playing in tandem just behind the centre forward, picking the ball up running with it and showing great form,' Deschamps said.",,,"['MessiìÉµ', 'France']",4,1,69,31282.0
2022-12-15 19:25:11+00:00,50600749,imessi,1603471247307902979,"#France coach Deschamps said #MessiìÉµ  had been in 'scintillating' form at this #WorldCup2022.

He said: 'Of course he is one of the best players in the world. Of course we are going to try to counter Messi's influence. But #Argentina will try to stop the influence of my players.",,,"['France', 'MessiìÉµ', 'WorldCup2022', 'Argentina']",10,2,140,38854.0
2022-12-15 00:26:32+00:00,50600749,imessi,1603184700046163970,"""""Everything I lived in this #WorldCup  has been emotional, seeing how much it has been enjoyed in Argentina. There are a lot of years from this year to the next one. I don't think I will be able to do that. To finish this way is brilliant.""",,,['WorldCup'],3,2,93,
2022-12-15 00:26:32+00:00,50600749,imessi,1603184698456690689,"#MessiìÉµ  says Sunday's final will be the last #WorldCup game of his career.""I am very happy for finishing my journey in #WorldCup in a final, to play the last game in a final. That is really very gratifying,"" #MessiìÉµ  said.",,,"['MessiìÉµ', 'WorldCup', 'WorldCup', 'MessiìÉµ']",15,9,205,
2022-12-14 20:56:54+00:00,50600749,imessi,1603131940625842177,Man of the match - #MessiìÉµ vs Croatia - All the highlights - see the magic! https://t.co/Pm8sAYKT0j,,,['MessiìÉµ'],3,1,78,
2022-12-14 18:22:30+00:00,50600749,imessi,1603093084765552644,"We played very well, we preferred to play this way because we knew they would not have the ball. We knew we would have to run. We prepared in a very good way. I feel very happy in this #WorldCup2022 . I am able to help the squad.""",,,['WorldCup2022'],2,6,72,
2022-12-14 18:22:29+00:00,50600749,imessi,1603093083180130305,"#MessiìÉµ : ‚ÄúI am enjoying this A LOT. I am feeling really good, I feel strong enough to face every match. The previous match was a big sacrifice. Today we were tired but we pulled out strength to earn the victory.",,,['MessiìÉµ'],15,15,251,
2022-12-13 23:29:14+00:00,50600749,imessi,1602807892088094720,"#Messi has become the first player to both score and assist in four separate #WorldCup matches (since the 1966 edition), doing so versus Serbia in 2006 and versus Mexico, Netherlands and Croatia at this current edition (2022).",,,"['Messi', 'WorldCup']",3,3,89,
2022-12-13 23:29:14+00:00,50600749,imessi,1602807889370009601,"#Messi made his 25th World Cup appearance this evening against Croatia, equalling Germany‚Äôs Lothar Matth√§us for the joint-most appearances in the competition‚Äôs history @imessi",,,['Messi'],11,10,192,
2022-12-13 23:27:53+00:00,50600749,imessi,1602807550574993408,"Lionel #MessiìÉµ  has now scored 11 goals at the #WorldCup , the outright most of any #Argentina player in the competition‚Äôs history. In fact, @iMessi became the first Argentina player to score in five different matches in a single edition of the #WorldCup2022",,,"['MessiìÉµ', 'WorldCup', 'Argentina', 'WorldCup2022']",2,5,131,
2022-12-13 20:47:15+00:00,50600749,imessi,1602767126934474754,Think we can safely put the #Messi v #Ronaldo debate to bed now. #MessiìÉµ is on another level. #ARGCRO #WorldCup,,,"['Messi', 'Ronaldo', 'MessiìÉµ', 'ARGCRO', 'WorldCup']",3,9,163,
2022-12-13 20:37:38+00:00,50600749,imessi,1602764706288107520,Lionel #Messi is the first player to score and assist in three different games in a single edition of a #WorldCup since 1966 (when Opta have records from). #ARGCRO,,,"['Messi', 'WorldCup', 'ARGCRO']",18,28,430,
2022-12-11 00:04:03+00:00,50600749,imessi,1601729488789782528,Lionel #MessiìÉµ  vs #Netherlands  (World Cup 2022) https://t.co/Pqpa63yfai,,,"['MessiìÉµ', 'Netherlands']",16,3,95,
2022-12-10 12:57:03+00:00,50600749,imessi,1601561633678991360,"""It seemed disrespectful to me, that a coach of his calibre declared [they would win] like that.

""Van Gaal does not respect the Argentina national team.‚Äù",,,,20,7,113,
2022-12-10 12:57:03+00:00,50600749,imessi,1601561632039374850,"Messi on Weghorst &amp; VanGaal: ""I don't like people talking before games.
""The number 19 (Weghorst) came and started to provoke us, bump into us, tell us things. Their coach was not respectful to us either.",,,,35,11,293,
2022-12-09 23:23:43+00:00,50600749,imessi,1601356950293225472,"So, who is the king? #Messi or #Neymar - Semifinals - yayeee https://t.co/108OmzvCtb",,,"['Messi', 'Neymar']",18,2,103,
2022-12-05 01:18:01+00:00,50600749,imessi,1599573776466817024,You decide! #MessiìÉµ https://t.co/ltib58w2NA,,,['MessiìÉµ'],73,197,2599,
2022-12-04 21:33:27+00:00,50600749,imessi,1599517261122838528,"""These are amazing feelings, I am really happy to share their beautiful moment with the fans,"" #Messi said after his team's victory over Australia. ""I know how much effort they have put into coming here and I know the whole of Argentina want to be here"".",,,['Messi'],2,1,131,
2022-12-03 21:18:42+00:00,50600749,imessi,1599151163089162243,Lionel Messi has been crowned Man of the Match! üá¶üá∑ #MessiìÉµ https://t.co/2QPyhoqBsJ,,,['MessiìÉµ'],38,50,1392,
2022-12-03 19:52:07+00:00,50600749,imessi,1599129372346134528,‚ù§Ô∏è,,https://twitter.com/FIFAWorldCup/status/1599125223424806912,,59,25,652,
2022-12-03 01:07:05+00:00,50600749,imessi,1598846247590252544,"He's an alien!' - How #Messi 'plays a different sport'
BBC Sport's @GaryLineker, @alanshearer  and @rioferdy5 explain why #MessiìÉµ  was ""the best player on the pitch"" during #Argentina's World Cup victory over #Poland.
https://t.co/sQlNuKKtbF",,,"['Messi', 'MessiìÉµ', 'Argentina', 'Poland']",2,0,50,
2022-12-01 14:35:53+00:00,50600749,imessi,1598325015052787713,"#Lewandowski vs #Messi last night - When it came to the battle of the talismen, it ran thus: 0 shots to 7, 18 passes to 70; Argentina‚Äôs 23 shots to Poland‚Äôs four told the story, but the foul count became the stat that mattered.",,,"['Lewandowski', 'Messi']",8,3,64,
2022-12-01 02:20:16+00:00,50600749,imessi,1598139888582688768,"Ronaldinho when he won the Ballon d'Or in 2005: ""This award says I‚Äôm the best player in the world, but I‚Äôm not even the best player at Barcelona. I have seen the player who will inherit my place and his name is #Messi. Messi is a genius.""",,,['Messi'],7,23,316,
2022-12-01 00:01:25+00:00,50600749,imessi,1598104946284826624,"#Messi  vs #Poland - Magician ran the show again
https://t.co/IXrT8MivV7",,,"['Messi', 'Poland']",2,0,40,
2022-11-28 18:21:17+00:00,50600749,imessi,1597294574669815808,"#Messi  `s goal meant he tied fellow Argentine icon, the late Diego #Maradona , on eight goals and 21 appearances at the #WorldCup2022  for #Argentina .",,,"['Messi', 'Maradona', 'WorldCup2022', 'Argentina']",15,8,99,
2022-11-26 21:18:14+00:00,50600749,imessi,1596614329704800256,"#Messi vs #Mexico - It was going to be a moment of brilliance. Messi just hangs out, 30 yards from goal, when the ball's fed to him. He takes a lovely left-footed touch to move ball across his body &amp;, with 2nd touch, hammers the ball on bounce into corner. https://t.co/ZFUO9gg0lF",,,"['Messi', 'Mexico']",27,12,171,
2022-11-26 21:11:29+00:00,50600749,imessi,1596612628855803904,Lionel #Messi is now both the youngest (18y 357d vs Serbia in 2006) and the oldest (35y 155d vs #mexicoargentina  today) player to both score and assist in a single World Cup game since the start of the 1966 tournament. #MYGOAT #MessiìÉµ,,,"['Messi', 'mexicoargentina', 'MYGOAT', 'MessiìÉµ']",8,20,307,
2022-11-26 13:07:52+00:00,50600749,imessi,1596490923822678021,"#MessiìÉµ  vs #SaudiArabia  
https://t.co/VxMdmLflgL",,,"['MessiìÉµ', 'SaudiArabia']",6,1,62,
2022-11-19 18:21:34+00:00,50600749,imessi,1594033154700238848,"La Victoria est√° en la Mente. Una larga tradici√≥n artesanal construyendo ba√∫les fotografiada por @annieleibovitz para @louisvuitton

Victory is a State of Mind. A long tradition of crafting trunks photographed by @annieleibovitz  for @LouisVuitton 
https://t.co/C0Lrz8DrMO",,,,53,24,321,
2022-11-01 22:46:04+00:00,50600749,imessi,1587576735775817730,"Lionel Messi Destroyed Troyes | English Commentary | 29.10.2022 #Messi #PSGTROYES 

https://t.co/T0cQqMNbn4",,,"['Messi', 'PSGTROYES']",18,5,98,
2022-10-27 22:45:59+00:00,50600749,imessi,1585764777695268865,"Lionel #MessiìÉµ  vs #maccabihaifa  #PSG 
https://t.co/K9Whvg9WBS",,,"['MessiìÉµ', 'maccabihaifa', 'PSG']",8,6,93,
2022-10-24 20:13:18+00:00,50600749,imessi,1584639191010668550,"#Messi vs #Ajaccio - #PSG
https://t.co/UfaFtByfob",,,"['Messi', 'Ajaccio', 'PSG']",5,8,67,
2022-09-20 14:24:28+00:00,50600749,imessi,1572230212959571970,"#Messi has bypassed @Cristiano  in rankings for number of non-penalty goals scored.
He has now scored a total of 672 non-penalty goals during his career 
Meanwhile, Ronaldo has scored a total of 671 non-penalty goals",,,['Messi'],33,17,215,
2022-09-19 21:50:16+00:00,50600749,imessi,1571980014916358144,"Messi &amp; Neymar combine to produce the match-winner
#PSGLYON #PSG - Crazy performance by #Messi https://t.co/Ix6isoxCid",,,"['PSGLYON', 'PSG', 'Messi']",13,4,77,
2022-09-15 11:42:26+00:00,50600749,imessi,1570377499296829441,Messi has now scored a Champions League goal against a record 39 different teams - @Cristiano Ronaldo has netted against 38.  Messi is the first player to score a Champions League goal in 18 different seasons. #PSGMAC #PSG #MACPSG  https://t.co/lPdf27rzhP,,,"['PSGMAC', 'PSG', 'MACPSG']",4,3,82,
2022-09-13 14:14:35+00:00,50600749,imessi,1569691012393766913,"#Messi vs #Montpellier - #PSG - highlights
https://t.co/Ln7xGQQOOC",,,"['Messi', 'Montpellier', 'PSG']",3,1,47,
2022-09-03 23:20:45+00:00,50600749,imessi,1566204579636805632,"Messi's amazing assist vs #clermont #PSG 
https://t.co/CV76yc6rB7",,,"['clermont', 'PSG']",2,0,54,
2022-06-06 19:08:41+00:00,50600749,imessi,1533888625364066304,"Lionel Messi Destroying Italy at Wembley - Argentina CONMEBOL - UEFA Cup of Champions
https://t.co/jEgmlH2v7b",,,,28,5,160,
2021-11-29 21:40:30+00:00,50600749,imessi,1465435525205143561,#messi7 #messiballondor2021 #messipsg https://t.co/5yzwJc3lfd,,,"['messi7', 'messiballondor2021', 'messipsg']",68,53,1006,
2021-11-29 21:26:49+00:00,50600749,imessi,1465432082524606471,Lionel Messi has been named the best player in the world for the seventh time tonight. #Messi #messi7 https://t.co/HVaF8XP6AA,,,"['Messi', 'messi7']",53,68,1060,
2021-11-28 20:42:27+00:00,50600749,imessi,1465058527232331785,"#Messi vs #Saint-Etienne - #PSG - Messi provided 3 assists!

https://t.co/Cbp5gkYMYV",,,"['Messi', 'Saint', 'PSG']",4,7,104,
2021-11-22 22:56:58+00:00,50600749,imessi,1462918054661300227,"#Messi vs #Nantes - 1st goal in Ligue 1 #PSGFCN 

https://t.co/3PA1HCdCCB",,,"['Messi', 'Nantes', 'PSGFCN']",6,7,106,
2021-10-04 16:45:30+00:00,50600749,imessi,1445067565601021956,"#Messi video highlights vs #rennespsg  #PSG 
https://t.co/ClIDk0Su1k",,,"['Messi', 'rennespsg', 'PSG']",17,5,158,
2021-09-29 10:24:34+00:00,50600749,imessi,1443159760354873344,#Messi with @EdSheeran https://t.co/KICKJQoghm,,,['Messi'],38,38,911,
2021-09-28 21:15:06+00:00,50600749,imessi,1442961085523324933,"#messi 1st goal for #ManCityVsPsg #ChampionsLeague What a stunner
https://t.co/7Oeqx1Ua0V",,,"['messi', 'ManCityVsPsg', 'ChampionsLeague']",2,3,123,
2021-09-28 20:41:04+00:00,50600749,imessi,1442952519831879680,#PSGMCI #Messi,,https://twitter.com/PSG_inside/status/1442951076538306562,"['PSGMCI', 'Messi']",12,21,493,
2021-09-21 04:32:35+00:00,50600749,imessi,1440172081040162821,"#Messi home debut vs Lyon #messipsg 
https://t.co/8a88uqy5oS",,,"['Messi', 'messipsg']",10,5,84,
2021-09-10 07:00:23+00:00,50600749,imessi,1436223007245152258,"Lionel Messi has overtaken Pele as the leading South American men's goalscorer in international matches with a hat-trick in Argentina's World Cup qualifier win against Bolivia. Another hat-trick #Messi #Pele 
https://t.co/j9VRrqmsIy",,,"['Messi', 'Pele']",8,15,156,
2021-09-06 11:42:41+00:00,50600749,imessi,1434844497939243014,"""The other day I saw one of his games. He was running with the ball at a hundred per cent full speed, I don‚Äôt know how many touches he took, maybe five or six, but the ball was glued to his foot. It‚Äôs practically impossible."" - Real Madrid legend Raul

https://t.co/dhlffbLwxI",,,,15,23,313,
2021-08-30 10:00:54+00:00,50600749,imessi,1432282171457294339,"#PSGxMESSI #MessiPSG #messi debuts for PSG vs Reims
https://t.co/aQ39XmbZal",,,"['PSGxMESSI', 'MessiPSG', 'messi']",5,5,79,
2021-08-17 22:32:35+00:00,50600749,imessi,1427760293485191174,#Messi goal in training at #PSGxMESSI,,https://twitter.com/PSG_English/status/1427571392644620290,"['Messi', 'PSGxMESSI']",16,12,295,
2021-08-16 20:41:09+00:00,50600749,imessi,1427369865975902212,#Messi at his best in training #MessiPSG,,https://twitter.com/PSG_inside/status/1427302730238988292,"['Messi', 'MessiPSG']",9,16,288,
2021-08-15 18:33:20+00:00,50600749,imessi,1426975311175028738,"Messi and Ramos!
https://t.co/Eji1BHhck2",,,,7,5,89,
2021-08-14 19:43:28+00:00,50600749,imessi,1426630569887256577,"#PSG  present #Messi on Parc des Princes pitch
https://t.co/wS2EXymwZR",,,"['PSG', 'Messi']",3,4,74,
2021-08-13 21:55:53+00:00,50600749,imessi,1426301507775905794,"First training session at #PSGxMESSI 
https://t.co/YRJewhVI1M",,,['PSGxMESSI'],2,0,46,
2021-08-11 16:10:54+00:00,50600749,imessi,1425489913244536832,What a welcome by supporters,,https://twitter.com/PSG_inside/status/1425399672970039302,,11,15,227,
2021-08-10 21:47:27+00:00,50600749,imessi,1425212221785845768,https://t.co/m8qEaExltW,,,,4,2,71,
2021-08-10 17:34:09+00:00,50600749,imessi,1425148475587678220,"The number 10 of #France  
The number 10 of #Brazil
The number 10 or #Argentina
#MessiPSG #Messi #MessiQuedate #PSG #PSGmessi https://t.co/S9IQTU8FzQ",,,"['France', 'Brazil', 'Argentina', 'MessiPSG', 'Messi', 'MessiQuedate', 'PSG', 'PSGmessi']",7,30,289,
2021-08-10 17:23:46+00:00,50600749,imessi,1425145865786757122,Potential PSG XI - #PSGmessi #PSG #Messi #MessiPSG https://t.co/lQTSpUpkzd,,,"['PSGmessi', 'PSG', 'Messi', 'MessiPSG']",4,6,150,
2021-08-10 17:02:59+00:00,50600749,imessi,1425140631412871170,#PSGmessi #Messi #PSG,,https://twitter.com/FabrizioRomano/status/1425094269220663306,"['PSGmessi', 'Messi', 'PSG']",6,10,212,
2021-08-10 16:21:42+00:00,50600749,imessi,1425130244990701576,https://t.co/F2fxjaVajP,,,,1,3,62,
2021-08-08 19:34:27+00:00,50600749,imessi,1424453976276279297,https://t.co/xgxBAVbXeT,,,,17,20,270,
2021-04-18 08:31:33+00:00,50600749,imessi,1383699711320723463,"A total of 35 trophies with Barcelona

1Ô∏è‚É£0Ô∏è‚É£ La Liga
0Ô∏è‚É£8Ô∏è‚É£ Supercopa
0Ô∏è‚É£7Ô∏è‚É£ COPA DEL REY
0Ô∏è‚É£4Ô∏è‚É£ Champions League
0Ô∏è‚É£3Ô∏è‚É£ Club World Cup
0Ô∏è‚É£3Ô∏è‚É£ UEFA Super Cup",,,,30,16,279,
2021-03-08 15:16:25+00:00,50600749,imessi,1368943694108311553,Laporta said: ‚ÄúI have a very good relationship with him. I'm convinced my offer will please him. And I'm also convinced that if either of the other two candidates win Messi will not stay.‚Äù And Laporta wins! https://t.co/T2uW58x225,,,,7,10,265,
2021-03-07 19:35:15+00:00,50600749,imessi,1368646444060655624,"Hac√© Duo conmigo y el nuevo equipo Pepsi! üîé Busc√° #PepsiChallenge en TikTok y sumate. /// Come duet with me and the new @PepsiGlobal team! üîé Search #PepsiChallenge on TikTok and get involved.
https://t.co/Qwhyx1K1rx",,,"['PepsiChallenge', 'PepsiChallenge']",2,2,32,
2019-12-24 10:53:23+00:00,50600749,imessi,1209426840231841793,Messi is the only player to win 6 Ballon D'Ors and 6 European Golden Shoes  #GOAT #iMessi https://t.co/XaOKDDWF7k,,,"['GOAT', 'iMessi']",78,44,1058,
2019-09-23 22:04:16+00:00,50600749,imessi,1176255988950867968,https://t.co/AgOZKhvKof,,,,289,292,5065,
2017-12-23 23:45:24+00:00,50600749,imessi,944715594536013825,"Early christmas gift for you all:
Messi vs RealMadrid
https://t.co/rzhThEaV7Q",,,,468,120,2377,
2017-10-23 19:13:56+00:00,50600749,imessi,922541617529139200,Messi meets Ronaldo Jr. https://t.co/P0yX3ZEfWj,,,,617,663,12171,
2017-09-21 17:33:39+00:00,50600749,imessi,910919968480428032,"Famous footballers including Cristiano Ronaldo on Lionel Messi:

https://t.co/rgbMmxRqC6",,,,39,33,895,
2017-04-25 17:23:07+00:00,50600749,imessi,856921525747929089,"Goal 500

https://t.co/6h9NhJ6ZWU",,,,57,54,946,
2016-04-25 15:28:20+00:00,50600749,imessi,724621068804173825,"Messi and the fans :D
https://t.co/R2JewrnfML",,,,3,8,130,
2016-04-18 10:11:57+00:00,50600749,imessi,722004735339794432,The break down of 500 goals by @imessi https://t.co/OO5I8ydecY,,,,8,45,497,
2016-04-18 10:03:46+00:00,50600749,imessi,722002673294274560,BBC Sport - How Lionel Messi reached his 500-goal milestone for Barcelona and Argentina https://t.co/ROr6o6Fpkr,,,,7,17,345,
2015-07-15 17:28:27+00:00,50600749,imessi,621370755851251713,"More to come from #Messi this season!

http://t.co/UBikTGzovF",,,['Messi'],43,279,1472,
2015-07-13 10:58:50+00:00,50600749,imessi,620547932123611136,Unstoppable #Messi http://t.co/FKcgwfEv49,,,['Messi'],10,28,165,
2015-07-07 12:49:34+00:00,50600749,imessi,618401468966539264,Not too long but a month Ago!!! http://t.co/ojxhzsiMFw,,,,10,78,943,
2015-06-25 10:20:35+00:00,50600749,imessi,614015323948253184,#Messi on his 28th birthday with the cake! http://t.co/3zjgtyX02I,,,['Messi'],23,49,689,
2015-06-25 10:19:52+00:00,50600749,imessi,614015144612360192,A message by @iMessi to his fans on his 28th birthday! http://t.co/vDQGJa6GEc,,,,5,18,485,
2015-06-10 07:06:56+00:00,50600749,imessi,608530771393912832,"Lionel Messi is the most valuable player on the planet, of course! See who joins him here &gt; http://t.co/2JaCNtz8iV",,,,5,16,231,
2015-05-06 21:05:53+00:00,50600749,imessi,596058325730504705,"Mark Lawrenson about #Messi :
""The way he went past Boateng was sensational and then he dinked the ball over Neuer - absolute class."" #UCL",,,"['Messi', 'UCL']",3,26,95,
2015-05-06 21:05:10+00:00,50600749,imessi,596058145618722816,"Mark Lawrenson about Messi:
""The world's best footballer has just destroyed one of the world's best teams in 2 minutes."" #BarcaBayern #UCL",,,"['BarcaBayern', 'UCL']",3,48,97,
2015-05-06 21:04:36+00:00,50600749,imessi,596058001905057792,Is there any dispute now...who is the football greatest?,,,,4,21,77,
2015-05-06 21:02:54+00:00,50600749,imessi,596057574895538176,Lionel #Messi now has 77 Champions League goals - a new record and one more than @Cristiano Ronaldo.,,,['Messi'],2,21,73,
2015-04-18 18:39:01+00:00,50600749,imessi,589498380960706560,Lionel #Messi scored his 400th goal for Barcelona as @FCBarcelona beat Valencia to move five points clear of title rivals #RealMadrid.,,,"['Messi', 'RealMadrid']",6,8,83,
2015-03-08 18:47:59+00:00,50600749,imessi,574642737217077248,"#Messi now has 30 league goals, the same total as #Cristiano Ronaldo, whose tally of 23 La Liga hat-tricks now trails Messi by one.",,,"['Messi', 'Cristiano']",5,14,79,
2015-03-08 17:53:28+00:00,50600749,imessi,574629015576707072,"#Messi is the most prolific hat-trick scorer in la liga, with his 32 in all competitions eclipsing the total he previously shared with Telmo",,,['Messi'],4,8,71,
2015-02-15 19:31:17+00:00,50600749,imessi,567043487300722689,http://t.co/9qa6aLl6Gs,,,,25,61,387,
2015-01-18 20:22:28+00:00,50600749,imessi,556909510896259073,Source: BBC Sports http://t.co/nxX14S6p7S,,,,12,45,315,
2015-01-12 03:57:03+00:00,50600749,imessi,554487192454590464,"BBC Football: Ahead of kick-off, #Messi  was presented a trophy 2 mark becoming La Liga's all-time record goalscorer http://t.co/dIKws1ADY7",,,['Messi'],8,37,293,
2015-01-09 19:21:57+00:00,50600749,imessi,553632789610786817,World's most valuable players: #bbcfootball http://t.co/Eg4hQlRiK8,,,['bbcfootball'],5,51,138,
2015-01-07 15:24:00+00:00,50600749,imessi,552848132006895616,#messi records! http://t.co/EUUyL16LgM,,,['messi'],9,41,162,
2014-12-15 14:32:33+00:00,50600749,imessi,544500260781842433,#Barcelona will face #ManCity in #ChampionsLeague last 16 for the 2nd year in a row.,,,"['Barcelona', 'ManCity', 'ChampionsLeague']",1,8,36,
2014-12-07 18:04:23+00:00,50600749,imessi,541654467385782272,"Lionel #Messi completed his 21st La Liga hat-trick - two adrift of arch rival @Cristiano, who broke that record last night #MessiBalonDeOro",,,"['Messi', 'MessiBalonDeOro']",4,13,45,
2014-12-07 18:01:50+00:00,50600749,imessi,541653827720466433,@OptaJose: Lionel #Messi has scored his last nine goals for Barcelona from just 12 shots on target (all competitions). @imessi,,,['Messi'],0,2,8,
2014-11-22 20:42:20+00:00,50600749,imessi,536258400821051392,"Lionel #Messi (Hat-trick)

Clinical @imessi!

A full 253 La Liga goals not out.",,,['Messi'],1,10,34,
2014-11-22 20:39:11+00:00,50600749,imessi,536257605920780289,"#Messi Records:

Most consecutive La Liga matches scored in: 10

Most goals in a single European Cup game: 5

Most goals in El Clasico: 21",,,['Messi'],2,24,36,
2014-11-22 20:38:45+00:00,50600749,imessi,536257497724493824,"#Messi Records:
Most goals in ClubWorldCup:4 (held jointly with Denilson)
Most goals in a calendar yr: 91
Most goals in a LaLiga season:50",,,['Messi'],0,20,37,
2014-11-22 20:37:24+00:00,50600749,imessi,536257159072202752,"#Messi Records

Most Ballon d'Ors: 4

Most European Cup top scorer awards: 4 (with Gerd Muller)

Most La Liga hat-tricks in a season: 8",,,['Messi'],1,31,38,
2014-11-22 20:36:33+00:00,50600749,imessi,536256946303545344,"Lionel #Messi has hit 252 league goals in 250 starts for Barcelona. 

Barcelona's top goalscorer: 367

Most goals in a season: 68 @imessi",,,['Messi'],0,21,28,
2014-11-19 05:17:42+00:00,50600749,imessi,534938546184798209,http://t.co/6RGdIl9vfM,,,,31,74,505,
