word,class
action,Education
important,Work and Career
leadership,Work and Career
rise,Personal Growth and Development
alarm,Health and Fitness
us,Travel
us jews,Culture and Society
antisemitism,Philosophy and Ethics
progress,Personal Growth and Development
abortion rights,Philosophy and Ethics
minnesotans,Travel
minnestota,Travel
elections,Current Events
main idea,Education
elections,Current Events
sentiment,Personal Growth and Development
name,Personal Information
minnestota,Travel
speaking,Hobbies and Interests
ill,Health and Fitness
great,Personal Growth and Development
caroline suh,Personal Information
remembered,Personal Growth and Development
legacy,Personal Growth and Development
greatest,Personal Growth and Development
jimmie brown,Personal Information
working,Work and Career
listen,Hobbies and Interests
watch,Entertainment
enjoyed meeting,Relationships
hearing stories work take look preview watch working day netflix,Entertainment
co g8jq6p48cz,Personal Information
working,Work and Career
inspired,Hobbies and Interests
studs,Hobbies and Interests
studs,Hobbies and Interests
thrilled,Hobbies and Interests
share,Relationships
work,Work and Career
athgmedia,Technology and Gadgets
talk,Communication
athgmedia,Technology and Gadgets
brian stelter,Media and Journalism
cnn,Media and Journalism
john king,Media and Journalism
christian amanpour,Media and Journalism
interview,Communication
interview,Communication
people,Culture and Society
women,Culture and Society
situation,Philosophy and Ethics
rise,Personal Growth and Development
meeting,Relationships
strangers,Relationships
freedom,Philosophy and Ethics
countries,Travel
rights,Philosophy and Ethics
action,Education
important,Work and Career
leadership,Work and Career
rise,Personal Growth and Development
alarm,Health and Fitness
us,Travel
us jews,Culture and Society
antisemitism,Philosophy and Ethics
progress,Personal Growth and Development
abortion rights,Philosophy and Ethics
minnesotans,Travel
minnestota,Travel
elections,Current Events
main idea,Education
elections,Current Events
sentiment,Personal Growth and Development
name,Personal Information
minnestota,Travel
speaking,Hobbies and Interests
ill,Health and Fitness
great,Personal Growth and Development
caroline suh,Personal Information
remembered,Personal Growth and Development
legacy,Personal Growth and Development
greatest,Personal Growth and Development
jimmie brown,Personal Information
working,Work and Career
listen,Hobbies and Interests
watch,Entertainment
enjoyed meeting,Relationships
hearing stories work take look preview watch working day netflix,Entertainment
co g8jq6p48cz,Personal Information
working,Work and Career
inspired,Hobbies and Interests
studs,Hobbies and Interests
studs,Hobbies and Interests
thrilled,Hobbies and Interests
share,Relationships
work,Work and Career
athgmedia,Technology and Gadgets
talk,Communication
athgmedia,Technology and Gadgets
brian stelter,Media and Journalism
cnn,Media and Journalism
john king,Media and Journalism
christian amanpour,Media and Journalism
interview,Communication
interview,Communication
people,Culture and Society
women,Culture and Society
situation,Philosophy and Ethics
rise,Personal Growth and Development
meeting,Relationships
strangers,Relationships
freedom,Philosophy and Ethics
countries,Travel
rights,Philosophy and Ethics
remix,Entertainment
atluda,nan
atsnoop,nan
atnateburleson,Personal Information
nan,Unclassified
love,Relationships
opportunity,Work and Career
transform,Technology and Gadgets
nan,Unclassified
learn,Education
important work communities across country,Work and Career
co glwhzxrkpb,Unclassified
great,Positive Emotion
spending time,Hobbies and Interests
members,Relationships
atmbk alliance model communities,Work and Career
today got hear atguitarsovergunsosne,Entertainment
atmbk alliances,Work and Career
freedom summer 22 recipientsabouot theyre working support young people south side chicagogo,Current Events
theyre working support young people south side chicagogo,Work and Career
obama presidential center opens offer spaces programming like thanks letting join,Culture and Society
nan,Unclassified
journalists,Work and Career
democracy,Culture and Society
struggle,Culture and Society
front lines,Current Events
met,Relationships
today,Current Events
berlin,Travel
young people,Culture and Society
putting work,Work and Career
excited,Positive Emotion
share,Relationships
trailer,Entertainment
working series,Work and Career
nan,Unclassified
prou,Unclassified
progressive,Culture and Society
atjoe,Unclassified
joe biden administration,Current Events
biden,Current Events
thank,Positive Emotion
volunteers,Philosophy and Ethics
earthday,Nature and Environment
dacares,Health and Fitness
place,Unclassified
like,Unclassified
chicagoland,Travel
michelle,Entertainment
celebrate,Culture and Society
hug,Positive Emotion
hug,Relationships
easte,Hobbies and Interests
celebrate,Entertainment
disagree,Relationships
us,Travel
wont,Personal Growth and Development
disagree,Relationships
us,Travel
wont,Personal Growth and Development
tennessee,Travel
silercing,Hobbies and Interests
disagree,Relationships
us,Travel
wont,Personal Growth and Development
nan,Personal Growth and Development
trauma,Health and Fitness
abuse,Health and Fitness
actual,Education
endured,Personal Growth and Development
trauma,Health and Fitness
vote,Current Events
need,Personal Growth and Development
justice,Philosophy and Ethics
vote,Current Events
need,Personal Growth and Development
justice,Philosophy and Ethics
nan,Personal Growth and Development
action,Current Events
years,Personal Growth and Development
future,Personal Growth and Development
long last,Relationships
,
protect,Health and Fitness
trans,Philosophy and Ethics
lgbtqia,Culture and Society
transgender,Culture and Society
day,Culture and Society
visibility,Culture and Society
grateful,Personal Growth and Development
volunteers,Personal Growth and Development
mississippi tornado,Current Events
fail,Work and Career
children,Family and Relationships
gun,Current Events
nan,Personal Growth and Development
celebrate,Entertainment
affordable care act anniversary,Health and Fitness
surprised,Emotions and Feelings
know,Education
access,Technology and Gadgets
health care,Health and Fitness
progress,Work and Career
hope,Personal Growth and Development
administration,Work and Career
pushed,Work and Career
hard,Health and Fitness
time,Work and Career
pari,Personal Growth and Development
agreement,Work and Career
nan,Unclassified
nan,Unclassified
help,Community
community,Community
sign,Education
vote,Current Events
encourage,Community
plan,Education
policy,Philosophy and Ethics
gets rid,Health and Fitness
unnecessary,Technology and Gadgets
college degree requirements,Education
nan,Unclassified
march madness,Sports and Recreation
brackets,Sports and Recreation
winning,Sports and Recreation
inspired,Personal Growth and Development
proud,Personal Growth and Development
family,Home and Family
women history month,Culture and Society
wanted share stories,Culture and Society
carly sharikatwo,Unclassified
nan,Unclassified
dedicated,Work and Career
fight,Personal Growth and Development
civil rights,Philosophy and Ethics
fired,Work and Career
ready,Personal Growth and Development
go,Travel
ihw6pqnaqr,Unclassified
action,Community
change,Philosophy and Ethics
community,Community
hope,Personal Growth and Development
chicago,Travel
proud,Personal Growth and Development
work,Work and Career
wait,Hobbies and Interests
nan,Uncategorized
happy,Emotion and Mood
valentines day,Celebration and Events
one time,Uncategorized
nan,Uncategorized
atk,Uncategorized
court,Legal and Justice
congrats,Celebration and Events
devastation,Emotion and Mood
earthquakes,Natural Events and Disasters
tsrkiye,Current Events
michelles,Personal Information
anyone looking help,Work and Career
celebration,Celebration and Events
hope,Emotion and Mood
continue,Action and Progress
share,Relationships and Communication
experience,Personal Growth and Development
challenged,Personal Growth and Development
black,Culture and Society
america,Culture and Society
strengthened,Personal Growth and Development
black history month,Culture and Society
shared experience,Relationships and Communication
challenged,Personal Growth and Development
nan,Uncategorized
justice,Legal and Justice
unjustified beating,Legal and Justice
police officers,Legal and Justice
far america,Travel and Geography
co,Business and Commerce
itmrnjhitspice,Uncategorized
nan,Uncategorized
never,Emotion and Mood
done,Action and Progress
outstanding,Achievement and Excellence
never,Emotion and Mood
done outstanding job,Achievement and Excellence
believe,Beliefs and Faith
young people,Culture and Society
passionate,Emotion and Mood
excited,Emotion and Mood
meet,Social Interaction
proud,Emotion and Mood
activists,Social and Political Issues
alarm,Safety and Emergency
protest,Social and Political Issues
solidify,Personal Growth and Development
alliances,Work and Career
global,Current Events
,Personal Information
application,Technology and Gadgets
open new atobamafoundaition leaders,Education
usa program,Education
happy,Hobbies and Interests
birthday,Personal Information
atmicheleo,Personal Information
atmicheleo,Personal Information
open enrollment,Education
ends,Current Events
sunday,Hobbies and Interests
help,Personal Growth and Development
proud,Personal Growth and Development
health care,Health and Fitness
photograph,Art and Creativity
documentary,Entertainment
africa,Travel
