Prompt,Output
messi atcoldplay barcelona yesterday https co czp3pczk0s,[]
according el national de catalunya atmanutd one clubs could end convincing messi join free agent see happening https co o9qkyjl77m,"['national,', 'catalogued,', 'convincing.']"
messi first successful dribble strasbourg messi become second player europes top five leagues real madrids vincius jnior complete 100 dribbles 2022 23 season https co frkdpqqp9s,[]
messi scores becomes time top scorer 5 major european leagues history 496 goals psg claim 11th title messi 43 career trophies leaving tied former barcelona team mate dani alves time https co i9owutfpn2,[]
according el chiringuito messi already accepted 350 million 377 million season offer continue career middle east would immediately set dethrone generational rival atcristiano top forbes list world highest paid athletes,"['action,', 'sentiment,', 'name.']"
maldini named late diego maradona brazilian legend ronaldo nazario two best attackers ever faced career maldini play atimessi thank god atcristiano great striker less magic two https co zysnokghjp,"['Maldini', 'Legend', 'Rnaldo', 'Nazario', 'Brazilian', 'Career']"
psg superstar lionel messi could become football decorated player seals ligue 1 title https co hvqbn8witz,"['PSG,', 'Lionel Messi,', 'Seal of Ligue 1.']"
marquinhos warns fans targeting messi always respect protests peaceful times places necessary told l equipe,"['respect', 'peaceful', 'necessary', 'l equipe', 'respect']"
psg without messi ligue 1 uber eats 2022 23 ligue 1 totalp35 w26 l6 d3 gf84 ga35 gd49 pts81 ligue 1 messip29 w23 l4 d2 gf75 ga26 gd49 pts71average points 2 45 average scoreline 2 6 0 9 ligue 1 without messip6 w3 l2 d1 gf9 ga9 gd0 pts10average points 1 67 average scoreline 1 5 1 5,"['psg', 'without messi ligue 1', 'uber eats 2022 23']"
messi saudiarabia https co lcvumlasax,"['Messi,', 'Saudiarabiya', 'Co']"
laporta messi paris st germain player wait end season talk calmly due respect saudi arabia barca barca home https co o9zf6rifz0,"['wait,', 'end season,', 'home.']"
messi trophies https co 0t0od7nqew,"['win,', 'trophy,', 'Messi.']"
training https co vjzlvanml2,"['training,', 'co,', 'vjzlvanml2.']"
think play next season https co hqfnjv2igr,"['think,', 'play', 'next season.']"
laureus world sportsman year award lionel messi https co lsvk8olgnq,"['award', 'year', 'Lionel Messi']"
league goals https co wu0l8llz98,"['league goals,', 'co wu0l8llz98,', 'goals.']"
thought going day game always trip organised cancel apologise teammates,[]
new shoes atadidasfootball atadidasuk https co ua0foart5v,"['new shoes,', 'atadidasfotball', 'atadidasuk.']"
best goal ever scored messi,"['Messi,', 'best goal ever scored,', 'Messi.']"
iffhs world best player playmaker scorer https co c55tam5qjt,"['playmaker,', 'scorer,', 'best.']"
best goal ever,"['best', 'goal', 'ever']"
atcristiano said messi https co s78v7fnanm,"['Messi,', 'co', 's78v7fnanm.']"
lionel messi point simply room prizes even gave la liga 2020 21 best player away messi arrived paris asked would give gave paredes quoted saying sportbible https co ebaxmtqljm,"['relevance,', 'sportbible', 'messi.']"
messi wrote history netted saturday 495 goals messi goals european top 5 league history https co yajlxykuzg,"['Messi', 'history', 'netted', 'saturated']"
messi grabbed goal assist saturday night psg beat nice 2 0 ligue 1 assist second goal brought 1 000th goal involvement club career ironically set long time rival sergio ramos psg https co 0i6g6ps1j9,[]
argentina ranked number 1 fifa rankings messi https co pxhdfxux85,"['ranked number 1,', 'FIFA rankings messi,', 'co pxhdfxux85.']"
messi reached agreement principle renew contract paris st germain another year priority continue elite european football 2024 copa america https co tcznytm6bu,[]
sir alex hugged kissed forehead even defeated manchester united team champions league final said things understand body language showed much great man,"['hug,', 'kissed,', 'even.', 'Alex,', 'showed much great man']"
messi coaches respects lot never coached two although respect football coaches reserve special respect jose mourinho sir alex ferguson https co wy0qezsltp,"['respect,', 'coach,', 'football.']"
xavi love messi return topic working https co d7khc9jawg,"['love', 'return', 'topic']"
seven time ballon winner messi passed 100 international goals scored seventh international hat trick friendly win home curacao https co q5ejtczxll,[]
messi inspired country global glory qatar 2022 immortalised official museum south american football alongside fellow legends diego maradona pele https co q5gflnjzrz,[]
https co tpgr0npmxu,"['follow,', 'like,', 'retweet.']"
per espn 800 goals club amp country 1 world cup 1 copa amrica 7 ballon ors 4 champions leagues 11 league titles https co 73wanhjnmo,[]
lionel messi scored 800th top level goal argentina beat panama 2 0 first match since winning world cup https co 63hxar9koa,"['scored', '800th', 'top level goal', 'argentina', 'beat']"
caption needed https co dojex6bx2q,"['captivation,', 'needed,', 'co dojex6bx2q.']"
messi said at10ronaldinho happened ugly didnt deserve everything club changing barcelonas history way left strange wish could spent couple years https co 7yamdvj26k,"['messi', '10ronaldi', 'happened', 'ugly', 'didnt']"
messi reportedly set offered deal worth 194m season move saudi arabia father spotted riyadh earlier week,[]
lionel messi could leave europe stint middle east playing long time frenemy cristiano ronaldo think go barcelona middle east stay psg,"['leave,', 'stint', 'frenemy.']"
messi ranked 52 points eight atkmbappe tally karim benzema ended third spot behind messi mbappe 34 points name https co ymudbxwbxh,"['ranked,', 'third spot,', 'behind.']"
officially best ever play football messi would like thank colleagues without would reached place year dream able achieve dream strived years https co jgzvb8edt6,"['officiall', 'messi', 'would', 'would']"
messi scored 700th career club goal psgs 3 0 win marseille https co dr7orze5es,[]
messi expected win fifa mens best player award ahead karim benzema prestigious award robert lewandowski last year likely messi whose tremendous performances world cup helped argentina triumph first time since 1986 https co rop3zzp36k,"[""Messi expected to win FIFA Men's Best Player Award ahead of Krzysztof Kuchta."", 'Messi whose tremendous performances helped Argentina triumph first time since 1986.', 'Messi, whose performances at the World Cup helped Argentina triumph first time since 1986.']"
lionel messi favorite win top 3 individual awards 2023 win 7th best fifa8th ballon or2nd laureus best sportsman year https co gumiig2dyr,"['favorite,', 'win,', 'top 3.', 'top 3', '202', 'FIFA8']"
training https co zljx4ovmle,"['training,', 'co,', 'zljx4ovmle.']"
barcelona https co rbiq61gyte,"['barcelo,', 'co,', 'rbiq61gyt.']"
ready champions league uefachampionsleague psgvsbayern https co zswiihuv0h,"['champions league', 'UEFA Champions League', 'PSG vs Bayer Leverkusen']"
argentina forward lionel messi shortlist fifa best male player award joined paris st germain team mate kylian mbappe real madrid striker karim benzema think best among https co jbvdufs2zj,[]
messi real unbelievable touch control https co fkfadiyyyv,"['touch control,', 'messi real,', 'unbelievable.']"
messi starred season scoring 15 goals notching 14 assists competitions push psg eight points clear top table https co cvezexpnld,[]
another day another goal https co 3zkhox41ep,"['another day,', 'goal', '3zkhox41ep.']"
friends https co mwaezy4hir,"['friends,', 'co,', '@.']"
another day another goal messi psg https co kgrazcszdk,"['Messi,', 'PSG', 'CO.']"
dias en familia https co kvhsmoe83x,"['days', 'time,', 'in', 'on,']"
lionel messi left foot immortalised golden cast worth eye watering 3 4 million back 2013 https co dktkltkiyp,"['left foot', 'immortalized', 'golden cast']"
good reunion https co jbnwbvuuzx,"['good,', 'reunion,', 'co.']"
messi vs cristiano ronaldo messivsronaldo goals better https co gymqlny8q8,"['Messi,', 'Cristiano Ronaldo,', 'Messi vs.']"
world cup champion atimessi landed qatar atqatarairways winter tour atpsg inside training session khalifa stadium today head saudi friendly atalnassrfc star https co fqzqk8yr9w,[]
beautiful madness lived time ended lifting cup wanted much https co z2lfmutdbn,"['beautiful,', 'madness,', 'lifting.']"
obviously champions makes everything beautiful beautiful month many beautiful memories miss miss team mates day day mates talks training sessions bull https co aoyu9go9y7,"['obviously champions', 'makes everything beautiful', 'bull']"
ready final show messi ronaldo 19th january atcristiano reportedly make saudi arabian debut captain https co hxxkokdrnj,"['Messi', 'Ronaldo', 'Messi Rnaldo', 'Messi', 'Ronaldo']"
world class goal messi vs angershttps co kmfhp8iphm,"['world class,', 'Messi vs. Angers', 'co.']"
messi scores first outing world champion involved everythinghttps co ivpwvawizj,[]
children future child matter live born deserves fair chance equal opportunity learn grow atbyjus world changing initiative educationforallare helping children underserved communities https co likrxnagtp,"['fair chance,', 'equal opportunity,', 'education.', 'Ibrahim.']"
beat anyone https co z4n9tt0b5t,"['beat,', 'anyone,', 'co.']"
19 years old messi https co 5mf1bfinwv,"['Messi,', '5mf1bfiwv,', '19 years old.']"
achieved 2022 messi https co dt1hd24efd,"['achievement,', 'Messi,', 'co.']"
friendship messi atneymarjr https co zfvrymwbdn,"['friendship,', 'messi,', 'atniymarjr.']"
guard honour messi atpsg inside https co lskfgkyjlo,"['honour,', 'messi,', 'guard.']"
muchas gracias mis compaeros todas las personas del club por el recibimiento que dieron ya estamos de regreso con muchas ganas de seguir cumpliendo los objetivos de esta temporada ahora con el atpsg inside https co yv8wsgfnvm,"['gracias,', 'personas del club', 'regreso,', 'según']"
family https co v3xyhgnwz1,"['family,', 'co', 'v3xyhgnwz1.']"
king back messi psg https co hhrwgmjqh7,"['cohérence,']"
un abrazo enorme todos,"['un abrazo enorme,', 'todos,', 'abraco,']"
toda la gente de mi pas como de pars barcelona de tantas otras ciudades pases desde los cuales vengo recibiendo cario ojal que este ao haya sido tambin maravilloso para todos les deseo toda la salud la fuerza para seguir siendo felices en 2023,"['todos', 'ciudades', 'ojal', 'feliçes', 'seguir', '202', 'maravilloso']"
quedara en el piso cada vez que ca tambin quiero tener un recuerdo muy especial para todas las personas que siguen bancan es increble poder compartir este camino con todos ustedes sera imposible llegar hasta donde llegu sin tanto aliento que recib tanto de,"['relevante,', 'sentimiento,', 'nombre.']"
termina un ao que jams podr olvidar el sueo que siempre persegu por fin se cumpli pero eso valdra tampoco nada si fuera porque puedo compartirlo con una familia maravillosa la mejor que se puede tener unos amigos que apoyan siempre dejaron que https co gpb3os5jgm,"['terminar,', 'persuadir,', 'compartir.']"
descansa en paz pele https co oz8yemnlcf,"['descansa', 'pelé', 'co']"
supporters swarm around messi car argentina worldcup hero arrives niece birthday partyas attempted attend niece birthday fans seen surrounding car arrival venue https co uwydzw6kaa,[]
happiest family messi https co vmcdjhbevv,"['family,', 'messi,', 'co.']"
atluissuarez9 joins messi celebrate worldcupqatar2022 success https co seopatxlre,"['celebrate,', 'worldcupqatar202,2', 'messi.']"
argentina captain lionel messi reached agreement principle renew contract psg https co eq2ytt5cng,[]
messi done goat debate sure https co hzvxcify4j,"['done', 'goat', 'debate']"
thrilled whole nation supporters around world messi https co m7neekj0ej,[]
lionel messi brought worldcup back buenos aires thousands supporters waited night line streets return following success qatarworldcup https co hcv5ycpcoc,"['worldcup,', 'back,', 'success.']"
enjoy national team want continue experiencing games world champion added obviously wanted cap career ask anything,"['enjoy,', 'national team,', 'world champion.']"
lionel messi says retire international football captaining argentina first world cup trophy 36 years love football said https co z188zy2axp,[]
yes brought honour argentina messi maradona https co 2dwqkfbjba,"['honour', 'argentina', 'messi']"
goat debate done anyone better messi maradona pele cristiano one https co rqkmqy0zbb,"['goa', 'done', 'anyone']"
need caption messi worldcup arg https co pkgw8diiiw,[]
imagine waking like messi worldcup argentina https co brsibvwcsm,"['imagining,', 'waking up like Messi in the World Cup,', 'argentina.']"
celebrations argentina ready welcome messi https co rhlejmq0pm,"['celebration,', 'welcome,', 'Messi.']"
5 appearances world cup tournaments male playerfirst person assist goal five different world cups,"['first person,', 'assist goal', 'five different world cups.']"
messi surpassed germany lothar matthus record worldcup matches played 26 well four records 11 world cup man match awards19 world cup appearances captainhttps co brnzeyeggc,[]
another record made messi involved 21 goals argentina worldcup 13 goals eight assists player nation watch magical touches hdhttps co alfm6tttm9,"['record,', 'made,', 'Messi.', 'Messi,', 'involved.', 'made.']"
bus journey argentina team treated last night streets doha complete procession camels fifaworldcup messi https co php6pfcron,[]
lionel messi replicates exactly diego maradona pose https co asy12wxlk7,"['replicate,', 'pose,', 'Diego Maradona.']"
messi add world cup seven ballons four champions leagues one copa america 10 la liga titles barcelona ligue 1 psg messi picked golden ball player tournament first player win twice 2014 amp 2022 https co unia0pmfry,[]
lionel messi rubs hands together glee takes possession worldcup gives shine lifts qatar sky argentinavsfrance https co 5f42c0e6ob,"['worldcup,', 'glee,', 'argentina.']"
messi kisses worldcup trophy worldcuptrophy credit reuters https co jqon1uxhbw,[]
