word,sentiment
Go,Neutral
Wrong,Neutral
AI,Neutral
Success,Excitement
Excitement,Excitement
Guaranteed,Excitement
Take,Outrageous
Walk,Outrageous
Outrageous,Outrageous
Speak,Neutral
Advocate,Neutral
Atylecun,Neutral
Postive,Encouraging
Jim,Encouraging
Understand,Consent
Consent,Consent
Involvement,Consent
Singing,Neutral
Entertaining,Neutral
Inspiring,Neutral
Quit,Neutral
Stop,Neutral
Atsmokeaway,Neutral
Celebrate,Encouraging
Discover,Encouraging
Inspire,Encouraging
Report,Neutral
Forget,Neutral
Mention,Neutral
,Humorous
Viral,Laughing
Laugh,Laughing
Watch,Laughing
True,Neutral
Atfarzyness,Neutral
Interview,Neutral
Evidence,Neutral
Moderate,Neutral
Tough,Neutral
Job,Neutral
Atwallstreetsil,Neutral
Verified,Alarming
Fallen,Alarming
Tragic,Alarming
Attract,Neutral
Engage,Neutral
Subscribers,Neutral
Design,Impressive
Fashion,Impressive
Show,Impressive
Attend,Neutral
Wokeness,Neutral
Messed,Neutral
Criticize,Hypocrisy
Condemn,Hypocrisy
Hypocr,Hypocrisy
Legislate,Neutral
Nada,Neutral
Revise,Neutral
Reject,Neutral
Endorse,Neutral
Eliminate,Neutral
Praise,Neutral
Wow,Neutral
Acknowledgment,Neutral
Laughing,Laughing
Attracting,Laughing
Official,Laughing
Relevant,Neutral
Unveiled,Neutral
Lead,Leadership
Influence,Leadership
Transform,Leadership
Amazing,Amazing
Conducting,Amazing
Silver,Amazing
Unfortunate,Unfortunate
Attesla,Unfortunate
Sterilize,Criminalize
Prison,Criminalize
Run,Neutral
Poll,Neutral
Post,Neutral
Support,Neutral
Congratulate,Neutral
Celebr,Neutral
Atatla,Neutral
Share,Neutral
Woman,Neutral
Ask,Neutral
StevenMarkRyan,Neutral
Indoctrinated,Neutral
Better,Neutral
State,Neutral
Figured,Neutral
Meant,Neutral
Discuss,Neutral
Create,Neutral
Explore,Neutral
Anything,Neutral
Wary,Neutral
Popular,Neutral
Always,Neutral
Attack,Negative
Deride,Negative
HODL,Neutral
Invest,Neutral
Tweet,Neutral
doge,Neutral
appreciate,Neutral
support,Neutral
Answer,Neutral
Misery,Neutral
Inducing,Neutral
Buy,Neutral
Predict,Neutral
JimCramer,Neutral
Joyful,Neutral
At,Neutral
Engaged,Ironic
Loves,Ironic
Despises,Ironic
Tweeting,Neutral
Sharing,Neutral
Yup,Neutral
Recognize,Neutral
Endure,Perseverance
Persevere,Perseverance
Atmusk,Perseverance
Unconfined,Neutral
Work,Neutral
Update,Neutral
App,Neutral
Needed,Neutral
Dark,Neutral
LOL,Neutral
Applaud,Positive
Subscribe,Awesome
See,Awesome
Mentioning,Neutral
Supporting,Neutral
Engaging,Neutral
Appoint,Neutral
Innovate,Neutral
Reserve,Subscribe
Connecting,Neutral
Interface,Neutral
Web,Neutral
Reach,Achieving
Achieve,Achieving
Insanely,Achieving
Agree,Neutral
Step,Neutral
Time,Neutral
Follow,Great
Great,Great
Investing,Neutral
Profiting,Neutral
Compounding,Neutral
Stabilizing,Neutral
Achie,Neutral
Atcb,Add
Doge,Add
Approved,Awaiting
Waiting,Awaiting
Love,Positive
Adore,Positive
Epic,Neutral
Tim,Neutral
Sweeney,Neutral
Working,Neutral
Aesthetics,Neutral
Tahoe,Neutral
Dress,Neutral
Interesting,Neutral
Currently,Neutral
Atrobertkennedyjr,Impressed
Advocating,Neutral
Educating,Neutral
Remove,Neutral
Require,Neutral
AtSpect,Neutral
Acknowledge,Neutral
Appreciate,Neutral
Recogn,Neutral
Attasha,Neutral
Receive,Charge
Charge,Charge
Atstillgray,Working
Enable,Thank
Consider,Thank
Apply,Neutral
Followers,Neutral
Monetize,Neutral
Sick,Neutral
Make,Neutral
Atbiirbg,Neutral
End,Journey
Journey,Journey
Heath,Journey
Worldwide,Good
Good,Good
Accept,Neutral
Acknowledging,Neutral
the,Neutral
proposal,Neutral
Commend,Neutral
Realize,Great
Improve,Important
Regulate,Important
Yeah,Neutral
Paulg,Neutral
Celebration,Neutral
Reveal,Neutral
Uncover,Neutral
Ex,Neutral
Shed,Expose
Disinfectant,Expose
Puppet,Expose
Anchor,Neutral
Written,Neutral
Memo,Neutral
Erch,Neutral
Atwholemarsblog,Neutral
Explain,Neutral
Bob,Neutral
Action,Neutral
Weinstein,Neutral
A,Supportive
Pulling,Neutral
Talking,Neutral
Like,Neutral
Reposting,Neutral
Celebrating,Neutral
Enjoying,Neutral
Acknowled,Neutral
Promote,Neutral
Attribute,Excellent
Thank,Excellent
Excellent,Excellent
Sell,Neutral
Irrationally,Neutral
Sure,Neutral
Funded,Neutral
Joins,Neutral
Labeled,Neutral
Relishing,Neutral
Appreciating,Neutral
Use,Replace
Ateh,Replace
Cast,Neutral
Lot,Neutral
Optimize,Interesting
Atmeza,Interesting
Confirm,Neutral
Marionawfal,Neutral
Collaborate,Neutral
Atalx,Neutral
BabylonBee,Entertaining
Progress,Progress
Fire,Supporting
Just,Neutral
for,Neutral
fun,Neutral
Did,Neutral
you,Neutral
know,Neutral
Donald,Neutral
Glover,Neutral
voiced,Neutral
a,Neutral
character,Neutral
in,Neutral
Verification,Neutral
Impersonation,Neutral
Scams,Neutral
Restore,Essential
Fund,Essential
Essential,Essential
Approve,Frustrated
Stuck,Frustrated
To,Neutral
Accomplish,Neutral
Mine,Neutral
Pay,Neutral
Existence,Neutral
Listen,Neutral
Connect,Neutral
Enjoy,Neutral
Earn,Neutral
Crazy,Neutral
Bills,Neutral
Praising,Astonishing
Enthusiast,Neutral
Gordus,Neutral
Appreci,Neutral
Respect,Respectful
Perfect,Respectful
Losing,Neutral
Funding,Neutral
Guessing,Neutral
I,Neutral
had,Neutral
an,Neutral
incredible,Neutral
time,Neutral
related,Neutral
to,Neutral
leadership,Neutral
Hypocrites,Essential
Defund,Hostile
ATNPR,Hostile
Protest,Hostile
Accelerating,Revolution
Revolution,Revolution
Booster,Revolution
Emphasize,Neutral
Honor,Neutral
Invite,Neutral
Seriously,Neutral
ATCB,Neutral
Misinformation,Neutral
Censorship,Neutral
Trojan,Neutral
eBay,Neutral
Tesla,Neutral
Singularity,Neutral
Near,Neutral
Achieving,Neutral
Encourage,Neutral
Boeree,Neutral
ATMICSolana,Neutral
Exactly,Neutral
Stream,Neutral
Upgrade,Neutral
Enhance,Neutral
Globally,Neutral
Characters,Neutral
Super,Messed
Greenwald,Messed
Surprise,Neutral
Reporters,Neutral
BBC,Neutral
Penetrating,Penetrating
Deep,Penetrating
Hard,Penetrating
Know,Neutral
Warning,Neutral
NSFW,Neutral
Attitterdaily,Neutral
Host,Neutral
Silly,Admiring
Special,Admiring
ASuperMarioMovie,Love
Prioritize,Inspiring
Legacy,Removing
Blue,Removing
Get,Neutral
Examine,Examine
Policy,Examine
Going,Examine
The,neutral
three,neutral
most,neutral
relevant,neutral
action,neutral
words,neutral
describe,neutral
this,neutral
tweet,neutral
would,neutral
be,neutral
honor,neutral
Catch,"Action, Reporting"
Release,"Action, Reporting"
Sleep,Neutral
Friends,Neutral
Couch,Neutral
Award,Neutral
Question,Neutral
Looks,Adventurous
Zombie,Adventurous
Apocalypse,Adventurous
Illuminate,Illuminate
Proceedings,Illuminate
Hopefully,Illuminate
Admire,Positive
Need,Neutral
Propaganda,Neutral
Public,Neutral
Relations,Neutral
Sigh,Sigh
Atsmokeawayyy,Sigh
Theft,Supportive
Importantly,Supportive
Massive,Supportive
Exclude,Illegally
Survey,Valid
Dominate,Valid
Valid,Valid
Pushing,Mislead
Insist,Mislead
Technology,Improving
Economy,Improving
Lightyears,Improving
Atlord,Positive
Advantage,Reducing
Help,Reducing
Reducing,Reducing
Legalize,legalize
reduce,legalize
regulate,legalize
Optimism,Uplifting
Uplifting,Uplifting
PeterD,Uplifting
Hoping,Hope
Takes,Hope
Writes,Hope
Party,Party
Drinks,Party
Internet,Neutral
Tall,Neutral
Best,Neutral
Intern,Bought
Burnt,Working
Right,Working
Launch,Neutral
Publish,Neutral
Enrich,Prosperous
Accumulate,Prosperous
Modernize,Neutral
Dentistry,Neutral
Impersonating,Condemn
Deceiving,Condemn
U,Neutral
Indulge,Neutral
Atai,Neutral
Trending,Excited
April,Excited
Fix,Neutral
Duct,Neutral
Tape,Neutral
Superglue,Neutral
Extremists,Outrage
Dehumanize,Outrage
Outrage,Outrage
Responsible,Responsible
Nightmare,Responsible
Tried,Neutral
Muffle,Neutral
Titter,Neutral
Controversial,Controversial
Think,Controversial
Vote,Controversial
Believes,Thinking
Thinking,Thinking
Agnostic,Thinking
Establish,Solved
Abide,Solved
Resolve,Solved
Networking,Laughing
Socializing,Laughing
Passing,Encouraging
Butter,Encouraging
CEO,Encouraging
MikeIsaac,Neutral
David,Neutral
Asinclair,Neutral
Precision,Incredible
Aging,Incredible
Incredible,Incredible
Corruption,Influence
Anointed,Influence
Rewarded,Rewarded
Long,Rewarded
Term,Rewarded
Atendwokeness,Neutral
Material,Follow
Coming,neutral
AttimSweeney,neutral
Stand,Neutral
Forgetting,Neutral
Keep,Neutral
ignite,Ignite
propel,Ignite
physics,Ignite
Oppose,Curious
Almost,Neutral
Https,Neutral
S,Neutral
Demonstrates,Neutral
Synchronize,Neutral
Gratitude,Neutral
Attrungtphan,Neutral
Tbh,Neutral
Want,Want
Must,Want
Increase,Competitive
Subsidize,Competitive
Helping,Decide
Decide,Decide
Strategy,Neutral
Says,Neutral
Starship,Neutral
Surprisingly,Neutral
Common,Neutral
Beat,Blame
Blame,Blame
Pseudoint,Blame
Easter,Celebrate
Awesome,Awesome
Live,Live
Programmed,Live
Vegan,Live
Told,Neutral
De,Neutral
Fact,Neutral
Open,Expand
Supplement,Expand
Output,Expand
Chasing,Chasing
Succeeded,Chasing
Epically,Chasing
Weird,Neutral
Atbillym,Neutral
Allocate,Neutral
Manufacture,Neutral
Leverage,Neutral
Omit,Neutral
Fox,Neutral
Await,Approval
Compute,Cautious
Expose,Neutral
Disclose,Neutral
Reve,Neutral
Challenge,Neutral
Resist,Neutral
Believe,Neutral
Telling,Neutral
Alien,Neutral
Do,Neutral
Atmarinamed,Neutral
Record,Investigate
Investigate,Investigate
Monitor,Investigate
Fitness,Neutral
Rome,Neutral
Mess,Neutral
Attherabbith,Neutral
Shield,Neutral
Cancel,Neutral
Gaines,Neutral
Atriley,Neutral
Proud,Proud
Canadian,Proud
Half,Proud
Loyal,Friendly
Supportive,Friendly
Prosperous,Friendly
Hesitate,Hesitate
Say,Hesitate
Might,Hesitate
Expand,Stretch
Break,neutral
Omelette,neutral
Grows,Neutral
work,Work
enmity,Work
effortless,Work
Admiration,Neutral
Attest,Neutral
Musk,Neutral
University,Neutral
Empower,Inspiring
Recognizing,Mentioning
Commemorate,Inspiring
Made,Neutral
GavinSBaker,Neutral
Express,Neutral
Accuse,Questioning
Block,Questioning
Bootstrap,Questioning
This,Neutral
is,Neutral
not,Neutral
valid,Neutral
Please,Neutral
provide,Neutral
us,Neutral
AtzubyMusic,Neutral
Unite,Neutral
Point,Neutral
Atdurantquotesbot,Neutral
Inform,Neutral
Communicate,Neutral
Atstill,Neutral
Words,Accurate
Scratch,Neutral
OpenAI,Neutral
Signed,Neutral
Irrelevant,Neutral
Reconnect,Resolve
Apolog,Resolve
Insane,Insane
Atter,Complimenting
Protect,Protect
Eroded,Protect
Reusability,Protect
Dumbing,Neutral
Likes,Neutral
Reduce,Neutral
Impersonate,Neutral
Network,Neutral
Trend,Accelerate
Accelerate,Accelerate
Atwallstreets,Accelerate
Worst,Frustrated
ATSF,Frustrated
Atamuse,Neutral
Write,Write
Critics,Write
Demand,Neutral
Scale,Neutral
Price,Neutral
Italy,Neutral
Disappearing,Neutral
ATMACCAW,Neutral
Become,Investment
Double,Investment
Sweep,Neutral
Dangle,Neutral
Hurley,Neutral
Scare,Neutral
Suppose,Neutral
Boring,Neutral
Harassing,Harassing
Provocation,Harassing
Ignite,Neutral
Patrick,Praise
Atz,Positive
AtevaFox,Neutral
Misleading,Criticize
Headline,Criticize
AtMiamiHerald,Criticize
Honour,Neutral
Atzubymusic,Trolling
Att,Neutral
Dismiss,Neutral
Delete,Neutral
Works,Neutral
Hide,Neutral
Embrace,Neutral
Awareness,Neutral
Cultivate,Neutral
Compliment,Complimenting
StephenKing,Complimenting
Stacked,Pending
Approval,Pending
Atdaveg,Neutral
Gradually,Improvement
Successful,Successful
Management,Successful
Optimizing,Neutral
Utilizing,Neutral
Add,neutral
Meanwhile,neutral
Participate,Neutral
Finish,Neutral
Functionality,Neutral
Affiliation,Neutral
Correcting,Correct
Reporting,Correct
Process,Protecting
Uranus,Neutral
Encounter,Neutral
Grateful,Neutral
Check,Correct
Correct,Correct
Reusable,Reusable
Cool,Neutral
Atpaulg,Positive
Attrungt,Neutral
Wonder,Neutral
Prepare,Launch
Disconnected,Admiration
Revolutionize,Achievement
Care,Incredible
Link,Neutral
Posting,Neutral
Incorrect,Neutral
Assault,Incarcerate
Incarcerate,Incarcerate
Comment,Neutral
React,Neutral
Developing,Neutral
Innovating,Neutral
Depict,Neutral
Accurate,Accurate
Amuse,Neutral
Build,Neutral
Summary,Argument
Argument,Argument
Safety,Argument
Identify,Neutral
Concerned,Neutral
First,Neutral
Replace,Agreed
Atteqnikg,Neutral
Avoid,Neutral
Pursue,Neutral
Trust,Neutral
Heal,Inspiring
Treat,Inspiring
Diagnose,Inspiring
Litigate,Defensive
Defend,Defensive
Machine,Celebrate
Strengthening,Neutral
Daze,Neutral
Atyhazony,Neutral
recognize,Positive
or,Positive
confirm,Positive
truth,Positive
validity,Positive
of,Positive
Affect,Exploring
Spend,Exploring
Space,Exploring
Closing,Rapidly
Training,Rapidly
Simulating,Rapidly
Happening,Neutral
Plain,Neutral
Sight,Neutral
Saying,Neutral
Decade,Neutral
Atevafoxu,Neutral
Atjason,Neutral
Probably,Neutral
Introduce,Respect
Decision,Respect
Celebrates,Positive
Follows,Positive
Recognizes,Positive
Exists,Change
Change,Change
Wise,Change
Thanks,Appreciative
Confused,Confused
Voluntarily,Neutral
Wanted,Neutral
Affirm,Agree
Control,Neutral
Insidious,Neutral
Dream,Neutral
Nope,Neutral
Joey,Neutral
Moose,Neutral
Atyle,Neutral
Flatter,Wish
Wish,Wish
Video,Neutral
Fascinating,Neutral
Insightful,Neutral
Blogging,Networking
Congratulating,Networking
Promise,Promised
Consume,Surprise
Ad,Positive
Maximize,Neutral
Concur,Agree
MetamorphosisAI,Neutral
Insp,Neutral
Flying,Safe
Ensure,Safe
Critically,Scrutinize
Including,Scrutinize
Credit,Realizing
Noted,Positive
Amplifies,Positive
Positive,Positive
Facilitate,Inspiring
Develop,Inspiring
Strengthen,Inspiring
Feed,Positive
Entrusting,Trust
Mission,Trust
Deceptive,Backfires
Backfires,Backfires
Reuters,Backfires
Interest,Neutral
Tunnel,Neutral
Impressive,Neutral
ATBucc,Neutral
Officiating,Laughing
Discussing,Neutral
Debating,Neutral
Hypocritical,Aggressive
Forcing,Aggressive
Atteslatino,Excited
Pyramid,Interesting
Underground,Interesting
Anticipating,Hope
Dreaming,Hope
Visualizing,Hope
Walked,Awesome
Giga,Awesome
Mentioned,Positive
Spotting,Neutral
Unusual,Neutral
Whales,Neutral
Adding,Verification
Ats,Neutral
Gain,Neutral
Freedom,Neutral
Shout,Incredible
Epidemic,Incredible
Future,Neutral
PeterDiamandis,Neutral
Tutorials,Neutral
NYTimes,Neutral
Tragedy,Negative
Acknow,Neutral
Mock,Laughing
Tell,Spent
Ever,Spent
Atjtl,neutral
Cook,Collect
Risks,Collect
Collect,Collect
Blacklist,Neutral
Verify,Neutral
Lie,Neutral
Shape,Innovative
Advanced,Innovative
Contribute,Eagerness
Eagerness,Eagerness
Vocabulary,Love
Impress,Neutral
Awe,Neutral
Atjowyang,Neutral
Suspend,Suspended
Bhattacharya,Suspended
Little,Neutral
Fine,Neutral
Witness,Concerning
Apprehend,Concerning
Oversee,Oversight
Manufacturing,Oversight
Bountied,Neutral
Convicted,Neutral
Recommend,Recommend
Diminishing,Recommend
Anticipate,Neutral
Hope,Neutral
Leads,Exporting
Exporting,Exporting
Evil,Exporting
Algorithm,Neutral
Thing,Neutral
Pants,Neutral
Delicious,Great
Atgaborgurb,Great
Schismatic,Incendiary
Incendiary,Incendiary
Eating,Indulgent
Sugar,Indulgent
Alive,Miracle
Miracle,Miracle
Survive,Miracle
Apologize,Neutral
enjoy,Neutral
view,Neutral
announces,Neutral
premiere,Neutral
date,Neutral
long,Neutral
Music,Neutral
Movie,Neutral
Avoiding,Entertain
so,Neutral
excited,Neutral
go,Neutral
Die,Neutral
Lucky,Neutral
America,Neutral
Look,Neutral
Comet,Neutral
Assess,Neutral
Existential,Neutral
Growing,Neutral
Times,Neutral
Relate,Neutral
Reckoning,Reckoning
Low,Reckoning
Japan,Reckoning
Ativ,Positive
Learn,Deleting
Tomorrow,Deleting
Updating,Updating
Recommendation,Updating
Important,Neutral
Twitter,Neutral
Affirmative,Neutral
Atwall,Neutral
Discussion,Discussing
Source,Discussing
Commander,Neutral
Upload,Available
Download,Available
Spin,Neutral
Automate,Neutral
Evolve,Neutral
determine,Neutral
show,Neutral
Extend,Neutral
Matter,Neutral
Consciousness,Neutral
Borrowed,Neutral
Jacket,Neutral
Trying,Neutral
Figure,Neutral
Possible,Neutral
Retweet,Neutral
Found,Inspirational
have,Inspirational
established,Inspirational
created,Inspirational
PeterDiamand,Boring
Enforce,Neutral
Outfit,neutral
Real,neutral
Reliable,Neutral
Extreme,Neutral
Science,Neutral
Absolutely,Praise
Concerning,Neutral
Address,Neutral
Predicting,Neutral
Critiquing,Neutral
Analyzing,Neutral
Tool,Inspiring
Feel,Neutral
Jordanbpeterson,Neutral
Pacific,neutral
Ignoring,Ignore
Disliking,Ignore
Reality,Ignore
Taibbi,Entertaining
Atrobbystarbuck,Agree
Atellagirwin,Agree
Access,Neutral
View,Neutral
Fly,Positive
Fast,Fast
Atrobby,Fast
Scrutinize,Neutral
Exciting,Excited
AtGalaxyGamer,Excited
Transport,Neutral
Impressed,Neutral
Attpostmill,Neutral
Reply,Questioning
Sad,Sad
Excess,Neutral
Absorb,Neutral
Inflation,Neutral
Deter,"Heavy, handed"
Progressing,Progress
Creating,Progress
BoringCompany,Progress
Achievement,Neutral
Ate,Neutral
Scrutiny,Scrutiny
Deserve,Scrutiny
Close,Scrutiny
Eliminating,Optimizing
Jason,Neutral
Mitigate,Shorten
Review,Shorten
Heed,Warning
Convenient,Convenient
Burn,Amused
Eat,Enduring
Flash,Inspiring
Robber,Neutral
Baron,Neutral
Troubling,Neutral
Hear,Neutral
Getting,Neutral
Falls,Neutral
Healing,Healing
Nature,Healing
Atwsj,Healing
Vision,Neutral
see,Neutral
clearly,Neutral
way,Neutral
forward,Neutral
Turning,Neutral
Suggesting,Neutral
Improving,Neutral
Note,Neutral
Atwhstanc,Neutral
Imp,Impressive
Serve,Neutral
Atviving,Neutral
Atc,Neutral
Deluge,Neutral
Ironic,Neutral
Likely,Neutral
Remember,Neutral
Old,Neutral
Co,Neutral
Try,Trying
Humans,Trying
Major,Respect
Cavill,Respect
Moving,Neutral
Goalpost,Neutral
Yai,Neutral
Champion,Neutral
Comply,Agree
Critique,Admire
Accuracy,Accurate
Track,Accurate
making,Neutral
Countries,Neutral
Atscott,Neutral
Attes,Neutral
Flaunt,Neutral
AtVideotech,Trust
Odd,Neutral
Short,Positive
Congrat,Neutral
Phew,Sleeping
Recommendations,Neutral
Wild,Neutral
Alert,Neutral
Excite,Excited
Experience,Joy
Revel,Joy
Dave,Joy
Remembering,Nostalgia
Nostalgic,Nostalgia
Push,Accurate
Paint,Accurate
Authenticate,Positive
Dropping,Neutral
Foreign,Neutral
Proposal,Proposal
MAGA,Proposal
Trading,Neutral
Binance,Neutral
Wear,Compliment
Sign,Neutral
Glorify,Glorious
Atrealdrewpage,Proud
Atwalterezquie,Enthusiastic
ATrainmaker,Enthusiastic
News,Neutral
Woke,Neutral
Mind,Neutral
Virus,Neutral
Remind,Reminds
Deadspace,Reminds
Lancet,Neutral
Years,Neutral
Shame,Shame
ATCatholicVote,Shame
Move,Neutral
Surround,Neutral
Invested,Invested
Opportunity,Invested
Solve,Verification
Clustering,Verification
Equality,Equal
Standard,Equal
Celebrities,Equal
Looming,Neutral
Mortgages,Neutral
Refinement,Refine
Atwanda,Refine
Thanking,Thank
Aterikbryn,Neutral
Attending,Encouraging
Said,Encouraging
endorse,neutral
Obama,neutral
start,Neutral
involved,Neutral
new,Neutral
activity,Neutral
venture,Neutral
Seeking,Neutral
Clicking,Neutral
Dressed,Neutral
Lost,Neutral
Left,Neutral
VanityFair,Neutral
Never,Neutral
Bias,Neutral
Evaluate,Neutral
Sama,Neutral
Confidence,Positive
Terrifying,Neutral
Congratulations,Congratulations
Germany,Congratulations
Using,Neutral
List,Neutral
Rebound,Dire
taking,Neutral
Learning,Neutral
Hype,Neutral
Indeed,Neutral
Glancing,Anticipating
Pursuing,Anticipating
Compete,Neutral
Risk,Neutral
agree,Accurate
celebrate,Accurate
Rest,Achievement
Year,Achievement
Elect,Enjoyment
Legal,Enjoyment
Affiliate,Neutral
Reside,Neutral
Clippy,Neutral
Problem,Neutral
Press,Neutral
Yesterdays,Neutral
Modern,Neutral
Disagree,Disagree
Atsquawkcnbc,Disagree
Donated,Generosity
Drop,Risk
Chatting,Neutral
Housed,Neutral
Consult,Neutral
Transition,Neutral
Profit,Neutral
Microsoft,Investment
Combat,Neutral
Irony,Neutral
Concern,Concerning
Safe,neutral
Glory,Glorious
Large,Neutral
Island,Neutral
Bright,Optimistic
K,Optimistic
Commem,Neutral
Melting,Neutral
Banks,Neutral
Umm,Neutral
Cede,Neutral
Authority,Neutral
Atkanekoat,Neutral
Acquire,Neutral
Trade,Neutral
Cherish,Neutral
Attended,Criticize
Conclude,Neutral
Devast,Neutral
Stonks,Neutral
Test,Testing
Experiencing,Testing
Raising,Testing
Depositor,Depositor
Money,Depositor
Treasury,Depositor
Acknowledgement,Neutral
Solarize,Neutral
Prosper,Neutral
Atash,Compliment
Analyze,Neutral
Read,Neutral
Highly,Neutral
Rated,Neutral
Required,Neutral
Wednesday,Reduce
Remain,Insane
Zero,Insane
Formatting,Excited
Economics,Neutral
Define,Neutral
Advertising,Great
Japanese,Great
Automating,Neutral
Dissemin,Neutral
Wisdom,Wisdom
People,Wisdom
FTW,Wisdom
Veto,Neutral
Diplomacy,Neutral
Unevitable,Neutral
Bronze,Neutral
Appl,Neutral
Appear,Confused
Behave,Confused
Collective,Confused
Deliver,Advance
Orbit,Advance
Missed,Missed
Produced,Exciting
Bite,Laugh
Coverage,Neutral
Rejoice,Impressed
Enchant,Delightful
Order,Relaxing
Warm,Relaxing
Excuse,Relaxing
Advertise,neutral
Commit,Neutral
Leadership,Believe
Jobs,Believe
Coffee,Neutral
Respond,Neutral
Pressatt,Neutral
Mandate,Protect
Destroy,Protect
MarsBlog,Neutral
Oust,Opposition
Seek,Neutral
Escape,Neutral
Trope,Neutral
Atemostaque,Neutral
Aff,Neutral
Exceeded,Growing
Influ,Growing
Archive,Neutral
Cause,Neutral
Simulate,Neutral
Pervert,Neutral
Johnna,Encouraging
Suggest,Positive
Arbitrage,Influence
Sway,Influence
Impact,Influence
Annual,Important
Serious,Risk
Atzerohedge,Risk
Yay,Celebrate
Paid,Neutral
Lifting,Neutral
Cited,Neutral
Detract,Negative
Lame,Negative
Uplift,Inspiring
Doomsday,Neutral
Bring,Neutral
Retire,Legit
Lower,Legit
France,Legit
Thread,Neutral
Strike,Love
Riot,Love
Engineer,Neutral
Magic,Neutral
AtDogeOfficial,Neutral
Issue,Stop
Describing,Neutral
connection,Neutral
URL,Neutral
Confidently,Neutral
Fed,Neutral
Following,Neutral
Lol,Neutral
Sweet,Neutral
Dreams,Neutral
Agreeing,Neutral
Hardworking,Hard
Ambitious,Hard
take,Positive
pleasure,Positive
satisfaction,Positive
Sing,Neutral
Lax,Like
Battling,Neutral
Competing,Neutral
Dominating,Neutral
Operate,Immediately
KimDotCom,Celebrate
Atwitter,Neutral
Fate,Neutral
Police,Neutral
Crime,Neutral
Arresting,Neutral
Criminals,Neutral
Responding,Celebrate
Interacting,Neutral
Drinking,Neutral
Normal,Neutral
Detect,Detect
Highlight,Detect
Manipulate,Detect
AtevaFoxu,Neutral
Presume,Support
Surprised,Surprised
Result,Surprised
SpaceX,Celebrate
Peace,Neutral
Option,Neutral
Activate,Neutral
Ascend,Neutral
TaylorSwift,Neutral
Knowing,Neutral
Mentoring,Neutral
Resonate,Exceptional
Skillful,Exceptional
Exceptional,Exceptional
Cheer,Inspiring
Holding,Neutral
actual,Neutral
but,Neutral
that,Neutral
could,Neutral
ChatGPT,Neutral
Fight,Brave
Brave,Brave
Acc,Shame
March,Neutral
Atfresh,Neutral
Way,Neutral
Find,Fixing
Debug,Debugging
Call,Astonishing
Astounding,Astonishing
Attempt,Exciting
Force,Neutral
Strong,Neutral
Inverse,Neutral
Disseminate,Neutral
Send,Neutral
Negativity,Neutral
Arriving,Neutral
Clarity,Neutral
Ster,Neutral
Greeting,Neutral
Welcome,Neutral
Wait,Neutral
Parody,Neutral
Ato,Neutral
Describes,Neutral
Significant,Neutral
Platform,Neutral
Dialogue,Engaging
Course,Epic
Stressful,Epic
Reasonably,Negatively
Negatively,Negatively
DeJoy,Negative
dismantle,Negative
Athropowthingswork,Neutral
Compress,Efficient
Data,Efficient
Terrible,Neutral
Amp,Neutral
Flattering,Insulted
Insulted,Insulted
Site,Insulted
Yah,Neutral
Investigating,Neutral
Discern,Neutral
Ridicule,Neutral
Attegmark,Agree
Fired,Dismissed
Ai,Dismissed
Questioning,Thinking
Doug,Thinking
Enc,Neutral
Offers,Neutral
Global,Neutral
Roaming,Neutral
Donate,Confused
Toga,Party
Peaceful,Neutral
Charlie,Neutral
ATCZ,Neutral
Reward,Neutral
Deceive,Neutral
Path,Neutral
Pilot,Neutral
Copy,Neutral
Online,Neutral
Funny,Humorous
Start,Neutral
Wide,Neutral
It,Neutral
Limit,Neutral
Sighing,Sigh
ATMckaywrigley,Sigh
Compare,Neutral
Reminisce,Neutral
Running,Exciting
Dystopias,Exciting
Brainwash,Exasperation
Indoctrinate,Exasperation
Educate,Exasperation
Table,Respectful
Raisng,Cooperative
Neuralink,Neuralink
Favoring,Neutral
Truth,Neutral
Nothing,Truth
False,Positive
Reminds,Neutral
Overwatch,Neutral
Lovelyspain,Neutral
Jimfan,Neutral
Cure,Hope
Synthesize,Hope
Atj,Neutral
Unveil,Neutral
Requested,Neutral
Farmers,Neutral
Rule,Neutral
Matthew,Neutral
Government,Change
Cong,Positive
Nostalgia,Nostalgic
Friendship,Nostalgic
Succeed,Succeed
Business,Succeed
Guarantee,Anger
Anger,Anger
Testify,Neutral
bear,Neutral
witness,Neutral
give,Neutral
testimony,Neutral
Overs,Oversubscribed
Overthrow,Neutral
Guardian,Neutral
Shaman,Neutral
Disrupt,Disgraceful
Disgraceful,Disgraceful
Autism,Dropped
Cry,Dropped
Screenshots,Neutral
Atnms,Neutral
Atm,Neutral
check,Neutral
Count,Neutral
Game,Neutral
Attacking,Wrong
Realizing,Wrong
Sweden,Respect
Seem,Neutral
Asymmetric,Neutral
Yesterday,Neutral
AthenryGrabar,Neutral
Comedy,Neutral
KeithOlbermann,Neutral
Comforting,Comforting
Mid,Neutral
Attomfitton,Questionable
Urging,Peaceful
Exert,Neutral
Oppress,Neutral
https,Neutral
ttmwoh,Neutral
AtJamesL,Neutral
Escorted,Outraged
Assaulted,Outraged
F,Outraged
Free,Release
Jacob,Release
Chansley,Release
Entertain,Entertaining
Studied,Studied
Blade,Studied
JonathanTurley,Neutral
Atall,Neutral
main,Neutral
idea,Neutral
sentiment,Neutral
and,Neutral
Seen,Glad
Light,Glad
Glad,Glad
alert,Alerted
follow,Alerted
tap,Alerted
Carefully,Listen
Atiheartmindy,Neutral
Atsenschumer,Neutral
Bidding,Questioning
Collecting,Questioning
incomplete,Neutral
therefore,Neutral
can,Neutral
accurately,Neutral
described,Neutral
Asking,Neutral
Reporter,Neutral
Atomicsolana,Neutral
Gold,Neutral
Envelop,Expand
Bizarre,Neutral
Remake,Praise
Atkanekoathegreat,Defunded
Allow,Neutral
Damage,Neutral
Atwrong,Neutral
Less,Neutral
debunking,
Salman,
Miss,Longing
Starbase,Longing
Attitter,Haha
Community,Haha
Notes,Haha
Round,Neutral
Deterioration,Fear
Bill,Fear
Conspiracies,Conspiracies
Extremely,Troubling
Athawley,Troubling
Insert,Run
Program,Run
Improvement,Improvement
Polish,Improvement
Ampl,Neutral
Drive,Laughing
Revenue,Laughing
Groupmind,Sigh
Attach,Neutral
Deny,Neutral
Everyone,Apologize
Alex,Apologize
Calculate,Neutral
Frightening,Intense
Maneuvering,Intense
Atevavlaar,Neutral
Misunderstanding,Apologize
Meaningful,Apologize
Constitution,Attack
Federal,Attack
Videocall,Communicate
Forgotten,Neutral
Belongs,Neutral
Weaponize,Suppression
Suppress,Suppression
Shameful,Suppression
Pervade,Optimistic
Optimistic,Optimistic
Dysfunction,Optimistic
Livestream,Promote
Morgan,Promote
Stanley,Promote
Metooed,Neutral
Moral,Neutral
Denigrate,Neutral
Congratulates,Neutral
Steadfast,Admiration
Withheld,Wrong
Cohen,Neutral
Credibility,Questioning
Stake,Questioning
Claimed,Disrespect
Aghast,Shocking
Shocking,Shocking
Mislead,Misled
Hired,Changes
Contract,Neutral
Ahead,Approved
Calling,Neutral
Offending,Neutral
Date,Neutral
Alas,Neutral
Careful,Careful
Helpful,Helpful
Atzubym,Neutral
Weaponization,Encouraging
Suspensions,Encouraging
Robbed,Neutral
Collaborating,Collaborating
Leading,Collaborating
Rewrite,Rewrite
Brittle,Rewrite
Blackmail,Suspended
Suspended,Suspended
BronwynWilliams,Concerning
JordanB,Neutral
Jordan,neutral
Peterson,neutral
Fixed,Neutral
Shortly,Neutral
Atbillfoxla,Excited
Difference,Neutral
Organize,Neutral
Label,Neutral
Betrayed,Betrayed
Fauci,Betrayed
Unfair,Unfair
Discriminate,Unfair
FoxNews,Unfair
Admit,Neutral
Trolls,Neutral
Fun,Neutral
Censored,Neutral
Takeover,Neutral
Centrist,Neutral
Snow,Neutral
TeslaOwners,Neutral
Organization,Neutral
Nurturing,Neutral
Paradise,Neutral
Divide,Neutral
Planck,Neutral
Arguably,Neutral
blowing,Neutral
Accurately,Neutral
Weighing,Neutral
Mice,Neutral
N,Neutral
M,Laughter
Reinforce,Neutral
Validate,Neutral
Atanammostarac,Neutral
Observe,Neutral
note,Neutral
watch,Neutral
detect,Neutral
with,Neutral
eyes,Neutral
Prime,Neutral
Rename,Neutral
Backlash,Backlash
Debate,Backlash
Discovering,Neutral
Exploring,Neutral
WhaleCoin,Neutral
Message,Endorse
Panic,Neutral
Nurture,Neutral
Preserve,Neutral
Mourn,Neutral
Finding,Agreeing
Positioning,Agreeing
Sabotage,Neutral
Visit,Educational
Throw,Neutral
Disinformation,Neutral
Guilty,Neutral
Typing,Typing
Thumbs,Typing
Hurt,Typing
Aim,later
Climate,Support
are,Neutral
connect,Neutral
share,Neutral
Craving,"Getting, ready, for, the, game, and, feeling, optimistic"
Denounce,Negative
Construct,Cool
Glyph,Discover
Distribute,Neutral
Claiming,Neutral
Distributing,Neutral
Atboardroom,Inspiration
Atmsu,Inspiration
GEC,Neutral
Severity,Realize
Situation,Realize
Advising,Neutral
Cheerleading,Neutral
Useful,Originality
Originality,Originality
Disturbing,Disturbing
Far,Neutral
Ascent,Neutral
Campaigning,Goal
Mobilizing,Goal
Rally,Goal
Crashing,Neutral
Rendering,Neutral
RichardDaw,Insane
Appreciated,Appreciated
Cruise,Neutral
Level,Neutral
Died,Decline
Freefall,Decline
Expressing,Neutral
Raise,Efficient
Drops,Efficient
Copper,Efficient
Include,Neutral
Account,Funny
Assume,neutral
Presentation,Late
Atquantumverd,Neutral
Attwitter,Neutral
Billym,Praise
Flag,Crazy
Drink,Crazy
Taste,Neutral
Atneon,Neutral
Intense,Neutral
Gear,Neutral
Torque,Neutral
Photo,Misleading
TeslaAIBot,Misleading
Opinionate,Neutral
Infer,Overcome
Overcome,Overcome
Dependent,Impressive
Adapting,Adapting
Kindness,Praising
Toyota,Praising
Ignition,Neutral
Signal,Enthusiastic
Illegal,Restrict
Pinion,Restrict
Destroyed,Trench
Available,Trench
Trench,Trench
Offensive,Defend
Atwar,Neutral
Mapping,Neutral
Surrounding,Neutral
Nourish,Neutral
Reinvesting,Neutral
Articulate,Articulate
Realistic,Articulate
Willing,Articulate
Occupy,Exploration
Humanity,Exploration
Render,Neutral
Satellite,Neutral
Vastly,Concern
Stinky,Frustration
FBI,Neutral
Diplomats,Peace
War,Peace
Bacteria,Powered
Atlukewearechange,Positive
Starlink,Launch
Necessary,Neutral
Tricky,Neutral
Propulsive,Neutral
Landing,Neutral
Astronaut,Neutral
Legitimize,Laughing
Admitting,Recanting
Rightists,Recanting
Hire,Neutral
Aspire,Aspire
Quote,Neutral
Back,Neutral
Paige,Neutral
Slam,Neutral
Things,Neutral
Prefer,Neutral
Acclaimed,Neutral
Recommending,Neutral
Prevent,Neutral
Dumping,Neutral
Fascinate,Neutral
create,Neutral
develop,Neutral
programs,Neutral
robots,Neutral
Autom,Neutral
Tiny,Fascinate
Decrease,Decrease
Relevance,Decrease
Life,Neutral
Swim,Neutral
Makes,Neutral
Pretzels,Neutral
Bernie,Impressed
NASA,Exciting
Bit,Existential
Angst,Existential
Elite,Neutral
Ferguson,Agree
Disproportionate,neutral
Partner,Neutral
Atibuildthecloud,Neutral
Racist,Racist
Repay,Debt
Relieve,Debt
Reinvest,Debt
Ateneza,Neutral
NBCSNL,Compliment
Hangover,Humorous
Rewatching,Enjoying
Brothers,Enjoying
Grading,Neutral
ATGECT,Neutral
question,Neutral
answered,Neutral
as,Neutral
provided,Neutral
link,Neutral
invalid,Neutral
Tweets,Neutral
Confuses,Neutral
Valuation,Investing
Lunch,Investing
Starts,Neutral
Atgurgavin,Neutral
Yikes,Yikes
Smokeawayyy,Yikes
Name,Modify
Distinguishing,Complimenting
Climb,Neutral
Struggle,Neutral
Dogecoin,Neutral
does,Neutral
appear,Neutral
contain,Neutral
actionable,Neutral
it,Neutral
appears,Neutral
Save,Neutral
Defeating,Neutral
Actually,Neutral
IRA,Reduction
Republican,Reduction
Anti,Fight
Liberate,Neutral
Viking,Neutral
Energy,Neutral
Protecting,Freedom
Twister,Neutral
interpreted,Neutral
meaningfully,Neutral
Election,Neutral
Coup,Neutral
Assessment,Neutral
Attesmanian,Neutral
Jail,Neutral
Kids,Neutral
Put,Neutral
Reverted,Reverted
Engagement,Reverted
Blocked,Reverted
Ca,Neutral
nt,Neutral
Atdogeofficialce,Neutral
Aviation,Admiring
Lying,Shame
Providing,Shame
Threaten,Suspension
Act,Suspension
Joking,Humorous
Dad,Humorous
Unblock,Positive
Ramp,Challenge
Distur,Disturbing
Stalin,Approving
Feature,Approving
Spicy,Excited
Onlygans,Excited
Uniting,Neutral
Interact,Neutral
Warn,Neutral
Relative,Neutral
Angels,Neutral
Affects,Neutral
like,Neutral
probably,Neutral
remaining,Neutral
Atscottadamssays,Neutral
Engineering,Impressive
Cybertruck,Impressive
Wealthy,Neutral
Influential,Neutral
Stay,Hope
Restructuring,Restructuring
Congress,Restructuring
Executive,Restructuring
establish,Neutral
relationship,Neutral
between,Neutral
two,Neutral
more,Neutral
people,Neutral
Foundation,Neutral
Nuland,Neutral
Strategize,Neutral
Significance,Neutral
Atel,Neutral
Confessed,Confessed
Let,Confessed
High,Confessed
Judgment,Neutral
MeToo,Neutral
Cloak,Neutral
MattTa,Neutral
Atoz,Approval
Succeeding,Neutral
AtWall,Stakes
Discredit,Thinking
Research,Neutral
TomTibi,Humorous
Goodman,Neutral
FreeBeacon,Neutral
AtmuskUniversity,Neutral
Mentions,Neutral
Combatting,Celebratory
Generalize,Celebratory
Honesty,Trolling
Humility,Trolling
Convey,Neutral
Gravitas,Neutral
Attesl,Neutral
Market,Neutral
Teach,Neutral
Blatantly,Scolding
Canceling,Scolding
Scolding,Scolding
Reason,Engineering
Delayed,Delayed
Acquired,Want
Worlds,Want
interview,Tired
tired,Tired
Taking,Discarding
Discarding,Discarding
Marx,Neutral
Atadamlowisz,Mentioning
Encouraging,Mentioning
Motivating,Mentioning
AlivBoeree,Laughter
Collection,Laughter
Archiving,Neutral
Hon,Neutral
Filtering,Optimize
Atdavids,Neutral
Self,Neutral
Reflect,Neutral
Attroonyto,Neutral
Accountability,Neutral
Agreed,Agreed
Atjaromebellva,Agreed
Questionable,Uneasy
Bypass,Uneasy
Imagine,Neutral
Hands,Neutral
Unavoidable,Neutral
Atsriramk,Neutral
Sent,Neutral
Defending,Defending
Strategic,Defending
Imperative,Defending
Suggested,Neutral
Contemplate,Neutral
Smart,Neutral
Expert,Neutral
Moderation,Moderation
Content,Moderation
Especially,Moderation
Harmful,Moderation
Criticizing,Neutral
Documenting,Neutral
Secure,Secure
Tariq,Secure
Jogging,Welcome
Walking,Welcome
Setting,Welcome
Defense,Innovative
Tag,Neutral
Favorite,Neutral
Partition,Neutral
Scammed,Fraudulent
Fake,Fraudulent
Hates,Ironic
Safer,Safe
Commercial,Safe
Airlines,Safe
Today,Launch
Second,Launch
Advertiser,Neutral
Activists,Neutral
Choose,Neutral
Embarrassing,Embarrassing
Atelexchaomander,Embarrassing
Shop,Neutral
Atsirineati,Improving
Apologies,Neutral
Genius,Neutral
Invent,Neutral
Finest,Neutral
Gravestone,Neutral
Commending,Neutral
Expect,Expect
Adjust,Interesting
Attedmund,Neutral
Tom,Neutral
Match,Neutral
Reading,Neutral
Lag,Fixed
Atjim,Crisis
Crisis,Crisis
Reaffirm,Neutral
GPT,Neutral
Code,Neutral
Ratio,Neutral
Corrective,Improve
Tying,Improve
Usage,Neutral
Legally,Disgruntled
Come,Close
Boost,Neutral
Intend,Neutral
Ancient,Neutral
Atteslaowners,Neutral
Chat,Resentful
Mainstream,Resentful
Media,Resentful
Atcing,Neutral
Playground,Neutral
Grey,Neutral
Yet,Neutral
Power,Neutral
Civilization,Neutral
Utilize,Harness
Present,Controls
Mexican,Moderate
Recall,Neutral
Anachronistic,Neutral
Liking,Laughing
Disclosing,Laughing
Mashable,Neutral
Principle,Agree
Shock,Shocking
Haywire,Shocking
Kills,Shocking
Mistakes,Imperfect
Imperfect,Imperfect
Crush,Laughing
Tests,Laughing
Building,Neutral
Caring,Neutral
Possibly,Neutral
Atliv,Neutral
Doom,Neutral
Steven,Neutral
Mark,Neutral
Happy,Support
Aiming,Aiming
Seemed,Neutral
delighted,Positive
clariefield,Positive
reads,Positive
Numbers,Neutral
Eco,Neutral
friendly,Neutral
Offer,Discover
Private,Neutral
Liv,Neutral
Pinned,Positive
Lists,Positive
Join,Neutral
Skiing,Neutral
Happened,Neutral
amazing,Collaboration
Driving,Impressive
Atalifar,Impressive
Articles,Laughing
Monitoring,Enjoyment
Fiction,Enjoyment
Ghost,Neutral
Civilizations,Neutral
Turns,Refreshing
Blow,Refreshing
Substitute,Neutral
Mass,Neutral
Airbnb,Neutral
Respectful,Respectful
Rip,RIP
Search,Neutral
Lincoln,Neutral
Contributing,Contributions
Immigrating,Contributions
Favor,Supportive
Screening,Supportive
Navigate,Supportive
Fixing,Proud
Positivity,Hope
Stardust,Neutral
Nice,Neutral
Ease,Neutral
Request,Requesting
Biden,Neutral
Atsahil,Laughing
Bowl,Entertaining
Halftime,Entertaining
Lobbying,Neutral
Exercise,Difficult
Turn,Difficult
Visiting,Hope
Atdogeofficialceo,Neutral
Station,Neutral
Swallow,Escalation
Connectivity,Escalation
Supervised,Neutral
Improved,Improved
Dropped,Improved
Filter,Neutral
Playful,Neutral
Searching,Searching
Pretty,Searching
Snacks,Searching
Feeding,Neutral
Engineers,Neutral
Vector,Problematic
Manipulation,Neutral
Anecdotally,Neutral
Expected,Neutral
Loud,Neutral
Contextually,Amazingly
Overloaded,Addressed
Fanout,Addressed
Buckse,Approval
Atclown,Positive
Launchpad,Exciting
Implicate,Neutral
Atjaxmicrowave,Neutral
Cooking,Neutral
Sustained,Compelling
Solar,Praise
Periscope,Envision
Version,Envision
Atevaf,Positive
Actively,Believe
Thorough,Condemning
Housecleaning,Condemning
Throttle,Neutral
Doritos,Neutral
Atdriveteslaca,Neutral
Roads,Neutral
Corrupt,Corrupt
Capturing,Creating
Format,Neutral
Exist,Optimistic
Us,Excitement
Mars,Excitement
Attempting,neutral
Static,neutral
Journalists,Inform
Atb,Neutral
Morrows,Neutral
no,Neutral
Felt,Stasi
Heat,Stasi
Placed,Laughing
LMA,Laughing
Adderall,Grumpy
Grumpy,Grumpy
Reenable,Reenabled
Reaching,Neutral
ATFON,Neutral
Unblemished,Neutral
Evolving,Neutral
CharlieBile,Neutral
Able,Limited
Cracks,Neutral
Voxel,Neutral
Measure,Practical
Sustainable,Bright
Swaying,Propaganda
Prop,Propaganda
Adventure,Neutral
Accepting,Accepting
Imposing,Accepting
Values,Accepting
Amend,Avoid
Arrested,Silly
Ateva,Agree
Corrected,Corrected
Lack,Neutral
Base,Neutral
Maslows,Neutral
Guess,Enjoyment
He,Neutral
d,Neutral
Worry,Neutral
Satan,Neutral
Atclownworld,Neutral
Win,Luck
Luck,Luck
Atmkbhd,Neutral
Vibes,Neutral
Face,Neutral
Everywhere,Neutral
Plot,Fear
Masterminded,Fear
Supposed,Neutral
Atrepthomasmassie,Neutral
Yes,Neutral
Scroll,Neutral
Computer,Neutral
Oh,Neutral
ChiefNerd,Neutral
Detail,Neutral
Everybody,Neutral
Attyrom,Neutral
Line,Neutral
Safeguard,Threaten
Loss,Sad
Soon,Approved
Researching,Neutral
Attittertakeover,Thanks
Atshopify,Thanks
Financially,Neutral
Approvals,Patience
Disponibile,Neutral
Italia,Neutral
Worried,Worried
Sustain,Engagement
Uphold,Neutral
Fulfill,Appreciated
Documentary,Neutral
Clarify,Neutral
Enabling,Good
Produce,Neutral
Red,Neutral
Rocket,Neutral
Breaking,Neutral
Ship,Hopeful
Unlike,Producing
Salute,Neutral
happened,Disappointment
Scam,Awaiting
Skeptical,Neutral
Lacking,Neutral
Tagging,Neutral
Forge,Neutral
Aterika,Neutral
California,Neutral
Unanimous,Appreciative
Innocence,Appreciative
Appreciative,Appreciative
Corrupted,Sad
Sunset,Sad
Eligible,Neutral
Suck,Sigh
Tweak,Improvement
Removable,Improvement
Production,Improvement
Congrats,Appreciate
Cost,Neutral
Falcon,Celebrate
Margin,Wary
Mobilize,Effective
Fit,Inspiring
Floor,Inspiring
Atleighwolf,Concern
Describe,Accurate
Approach,Opinionated
Reviewing,Incredible
Producing,Incredible
Identifying,Trouble
Advise,Neutral
Babylon,Accurate
Doubt,Neutral
AtStillGray,Investigating
Befriending,Positive
Attarabull,Neutral
Fission,Neutral
Geothermal,Neutral
Solution,Neutral
Combine,Sustainable
Indistinguishable,Neutral
Escalating,Escalating
Quickly,Escalating
Meeting,Aligned
Transparency,Aligned
Transformational,Aligned
Orchestrate,Neutral
Making,Neutral
Hurting,Neutral
Looking,Neutral
Simultane,Neutral
Empowering,Positive
Woodcock,Ironic
Depart,Neutral
Violate,Violate
Threats,Violate
Energize,Neutral
Norris,Neutral
OK,Neutral
Recover,Neutral
Chuck,Neutral
Funds,Neutral
Fans,Neutral
emphasize,Neutral
enthusiasm,Neutral
mentioned,Neutral
Sorta,Neutral
Atophommach,Neutral
We,Neutral
must,Neutral
defend,Neutral
Interfere,Disingenuous
Grim,Neutral
Reassuring,Reassuring
Oddly,Reassuring
Buying,Neutral
Thrilled,Neutral
GuyDealership,Neutral
Hearing,Investigate
Spot,Neutral
AtJarennc,Neutral
Persist,Agree
Home,Exploring
Foxu,Neutral
Objecting,Excellent
Espouse,Excellent
Atsruhle,Neutral
ATMiked,Neutral
Ads,Incorrect
Subscription,Incorrect
Journalism,Neutral
Beautiful,Praise
Refresh,Improving
Faster,Improving
Atatensnut,Apologize
Nonetheless,Apologize
any,Neutral
Hunt,Neutral
Enemies,Neutral
Integrate,Neutral
Operating,Neutral
Continue,Neutral
Maintain,Neutral
Atfarzy,Neutral
upbeat,Neutral
cheerful,Neutral
Politifact,Challenge
Snopes,Challenge
Debt,Pay
Monkeys,Neutral
ATMikeduncan,Neutral
Associated,Neutral
Retract,Retract
Matters,Neutral
Reversal,Laughter
Dying,Dying
Nations,Dying
Clean,Honest
Investig,Neutral
MSNBC,Shame
Desmond,Neutral
Factor,Neutral
Ace,Neutral
Broken,Help
AOC,Neutral
McDonalds,Neutral
Fair,Discussing
Genuine,Questioning
Reddit,Neutral
Invasion,Oppose
Non,Neutral
Partisan,Neutral
Kickboxing,Neutral
Activating,Neutral
Countering,Neutral
Demonstrating,Neutral
Facto,Attack
Demonstrate,Neutral
Unexpected,Neutral
Unsettle,Neutral
DM,Engage
Dig,Neutral
Atrepjeffries,Recommend
Wo,Frustrated
Load,Loaded
Cryogenic,Loaded
DavidSacks,Neutral
Aspect,Impressive
Muzzle,Neutral
Play,Positive
Atsemielem,Positive
Marching,Neutral
Tranquilizer,Neutral
Sir,Thankful
BretWeinstein,Neutral
Philosophically,Neutral
Oscars,neutral
year,neutral
gon,neutral
na,neutral
interesting,neutral
Hop,Exciting
condemn,Important
Collapse,Risk
Concentrate,Outsource
Outsource,Outsource
Applauding,Friendly
Relax,Relaxing
Summarize,Neutral
Emoji,Neutral
Atmarionawfal,Neutral
Marsblog,Neutral
Smok,Neutral
away,Neutral
innovate,Neutral
Makers,Respect
Atemollick,Neutral
Bust,Neutral
Favoriting,Favourite
Featuring,Favourite
Nicka,Positive
Maximizing,Neutral
Liked,Appreciate
Atjonerlich,Appreciate
Attyromper,Thinking
Pure,Pure
Plan,Neutral
Atgiano,Neutral
Place,Neutral
Pluto,Remembrance
Choice,Choice
Active,Trust
Administer,Relieved
Hospital,Concerned
Becomes,Hope
Atslashdot,Neutral
Forever,Wishful
Washington,Neutral
Age,Neutral
TeslaOwnersS,Reviewing
Attimrunsh,Questioning
Mouth,Questioning
Translate,Neutral
BlastX,Excited
Switching,Neutral
Triple,Neutral
Obligations,Neutral
Social,Neutral
Relentless,Risky
Risky,Risky
Atezr,Powerful
Idea,Neutral
Profound,Neutral
Set,Struggling
Impossible,Struggling
Playing,Play
Bookmark,Delighted
Increment,Delighted
Store,Download
Onboard,Neutral
SawyerMerritt,Safe
Bury,Brave
Pontificating,Neutral
Discovered,Neutral
Revealed,Neutral
Swing,Neutral
Pendulum,Neutral
Tax,Taxing
Billionaire,Taxing
Disappear,Disappear
Kind,Appreciated
Atmicsolana,Speed
Implementing,Speed
Flagging,Speed
Atteslaownerssv,Resilient
Res,Resilient
Notify,Neutral
Peer,Troubling
Enforced,Troubling
Trim,Wise
AtsenSchumer,Wise
Peak,Neutral
Automotive,Neutral
Consumers,Neutral
Atozrael,Critique
Abolish,Neutral
Atim,Neutral
Corinne,Neutral
Atlevie,Relaxing
Despicable,Disdainful
Liar,Disdainful
Professional,Disdainful
Recalibrate,Recalibration
Disguise,Neutral
Morality,Neutral
Strengthens,Question
Speaking,Speaking
World,Neutral
Forum,Neutral
Unelected,Neutral
Increasingly,Neutral
Revert,Neutral
Atlanta,Neutral
Citizen,Empowerment
Vital,Empowerment
Compile,Great
Contest,Great
Resourceful,Positive
Atkarpathy,Positive
Atreptroynehls,Neutral
Atbgur,Wise
Overpopulation,Neutral
Troll,Neutral
Canuck,Neutral
Extrapolate,Extrapolate
Atweird,Positive
source,Improvement
Master,Neutral
Sound,Neutral
Trashing,Neutral
Hate,Neutral
Maintaining,Active
Sensible,Sensible
Obsessed,Sensible
Danger,Danger
Worrying,Worrisome
Carlson,Worrisome
ScottAdams,Neutral
Unify,Neutral
Belittle,Neutral
Contain,Sustainability
Element,Sustainability
Atshellenbergermd,Neutral
Atwef,Neutral
applauding,Neutral
Changed,Neutral
AtJohnrwoodj,Neutral
Rails,Neutral
Rebuttal,Rebuttal
Atjames,Rebuttal
Land,Neutral
Opinion,Neutral
Value,Neutral
Mixed,Neutral
Satanic,Neutral
Esg,Neutral
Gather,Neutral
Vaccinate,Support
Heavy,Ascends
Haha,Laughing
Trip,Mystical
Sounds,Mystical
Alexandros,Mystical
Past,Neutral
Depressed,Angry
Angry,Angry
Navigation,Exploring
John,Neutral
Rolling,Neutral
Latest,Neutral
Pra,Neutral
Goal,Neutral
Suggests,Neutral
Reflects,Neutral
Shadowban,Neutral
deamplify,Neutral
Decline,Struggle
Worrisome,Concerning
Revive,Saved
Daimler,Saved
Sentiment,Neutral
Raised,Wonder
Lowering,Wonder
Argue,Argue
Sustainably,Argue
Generate,Argue
Robots,Neutral
Disney,Excited
Visible,Transparency
Rise,Inspiring
Virtue,Inspiring
Sun,Inspiring
Bookmarking,Fixing
Reflecting,Neutral
Listening,Neutral
Consciously,Realize
Futile,Resistance
Atneontaster,Resistance
James,Sigh
Melville,Sigh
Mocking,Neutral
Ridiculing,Neutral
Fated,Ironic
Aviate,Connection
Demolish,Neutral
Constitutional,Disapproval
Atshellen,Disapproval
Amplify,Despair
Tackle,Neutral
Caution,Cautious
Writing,Cautious
Sources,Cautious
Manage,Neutral
Grow,Neutral
Proclaiming,Neutral
Flaunting,Neutral
Extortionately,Neutral
Clear,Neutral
Loaded,Exciting
Devote,Neutral
Attrung,Neutral
Strive,Positive
Joy,Positive
Switch,Improvement
Click,Neutral
Peacefully,Peaceful
Chart,Enthusiastic
Stephen,Enthusiastic
Advance,Neutral
Swipe,Like
move,Like
recommend,Like
Atdavidsacks,Lower
Happen,Amazing
Newton,Neutral
Style,Neutral
Plaid,Neutral
Infecting,Strong
mind,Strong
virus,Strong
Annoying,Annoying
Days,Positive
Atmuskun,Positive
PaulG,Neutral
Tank,Neutral
Artillery,Neutral
Infantry,Neutral
Jurassic,Excited
BTW,Neutral
JCo,Neutral
Atlaralogan,Demands
Drone,Neutral
Wars,Neutral
Grave,Neutral
Earth,Neutral
Atrenatakonkoly,Positive
Practice,Neutral
Slapping,Approval
Atdrjbhattacharya,Approval
Aching,Neutral
Tender,Neutral
Incite,Contemptible
Contemptible,Contemptible
Suspect,Suspect
Differ,Suspect
Speed,Neutral
Court,Cooperation
Proclaim,Neutral
Multiplanetary,Neutral
Goodbye,Neutral
Marca,Neutral
ATGAD,Neutral
Recognition,Neutral
Needs,Neutral
Worth,Investigation
Atliz,Investigation
Anniversary,Neutral
Leave,Connecting
Contact,Connecting
Junior,Connecting
Hey,Neutral
What,Neutral
s,Neutral
Regard,Angry
Humanize,Angry
Owners,Neutral
Inflection,Neutral
Penalize,Bizarre
Efficient,Bizarre
Volume,Neutral
Atjackposobiec,Neutral
Despise,Despises
Damaging,Damaging
Human,Damaging
Mostly,Neutral
Foster,Neutral
Maybe,Neutral
Atwilldepue,Neutral
Atgdb,Neutral
Atatens,Neutral
Atmartinv,Neutral
Watching,Neutral
Protagonist,Neutral
been,Happy
emotional,Happy
week,Happy
culture,Happy
wars,Happy
TeamJordan,Happy
Atlexfridman,neutral
Paying,Neutral
Brianna,Neutral
