post,word,sentiment
long time coming excited finally announce https co dfc8nbofs0,,excited
https co qry7ltrkv0,"love,",positive
https co qry7ltrkv0,"happy,",positive
https co qry7ltrkv0,thankful.,positive
1 year preparation atfreefire na garenafreefire ff5thanniversary ffxjb https co u1yzpwjdri https co mz6pmfozxb,,positive
go gold ladies cannot wait watch best hockey ever proud athockeycanada,"watch,",proud
go gold ladies cannot wait watch best hockey ever proud athockeycanada,"best hockey ever,",proud
go gold ladies cannot wait watch best hockey ever proud athockeycanada,proud.,proud
countdown begins,"countdown,",positive
countdown begins,"beginning,",positive
countdown begins,tweet.,positive
https co j7euzczqnh,"love,",positive
https co j7euzczqnh,"happy,",positive
https co j7euzczqnh,thankful.,positive
https co duki6jderw,"follow,",positive
https co duki6jderw,"like,",positive
https co duki6jderw,retweet.,positive
love family atrorykramer https co r3eudjcbdc,"love,",love
love family atrorykramer https co r3eudjcbdc,family,love
love family atrorykramer https co r3eudjcbdc,atrophy.,love
atrorykramer https co dzprzjwhkx,"action,",positive
atrorykramer https co dzprzjwhkx,"heroic,",positive
atrorykramer https co dzprzjwhkx,war.,positive
atrorykramer https co pgziwi1ofr,atro,positive
atrorykramer https co pgziwi1ofr,co,positive
atrorykramer https co pgziwi1ofr,pgziwi1ofr,positive
https co uelmnce67n,"use,",positive.
https co uelmnce67n,"check out,",positive.
https co uelmnce67n,follow.,positive.
london town wif baby hailey bieber https co ml8jjamo6l,"baby,",positive
london town wif baby hailey bieber https co ml8jjamo6l,hail,positive
london town wif baby hailey bieber https co ml8jjamo6l,london.,positive
virgil https co sbfar4nqu9,"love,",positive
virgil https co sbfar4nqu9,"happy,",positive
virgil https co sbfar4nqu9,awesome.,positive
atjaden https co oelpgujb76,"atjaden,",positive
atjaden https co oelpgujb76,"co,",positive
atjaden https co oelpgujb76,oelpgujb76.,positive
atdrewhouse https co nstxwvwidb,"atdrewhouse,",positive
atdrewhouse https co nstxwvwidb,"co nstxwvwidb,",positive
atdrewhouse https co nstxwvwidb,nostx.,positive
watch perform 23rd annual home holidays atthegrovela sunday 9 30pm et 9 00pm pt atcbs home4holidays https co uuudluw0z8,"watch,",positive
watch perform 23rd annual home holidays atthegrovela sunday 9 30pm et 9 00pm pt atcbs home4holidays https co uuudluw0z8,"perform,",positive
watch perform 23rd annual home holidays atthegrovela sunday 9 30pm et 9 00pm pt atcbs home4holidays https co uuudluw0z8,atthegovela.,positive
wandered la atjuiceworlddd https co tnhiahzzyv,there,wonder
wandered la atjuiceworlddd https co tnhiahzzyv,there,wonder
wandered la atjuiceworlddd https co tnhiahzzyv,there,wonder
https co xjyehrj0kx,"follow,",positive
https co xjyehrj0kx,"like,",positive
https co xjyehrj0kx,retweet.,positive
tonight,tonight,positive
tonight,love,positive
tonight,taylor,positive
lost real one rest paradise king atvirgilabloh https co pw9begolce,"lost,",lost
lost real one rest paradise king atvirgilabloh https co pw9begolce,"king,",lost
lost real one rest paradise king atvirgilabloh https co pw9begolce,atvirgilaabloh.,lost
atdrewhouse https co pudktkfauj,atdrewhouse,positive
atdrewhouse https co pudktkfauj,co,positive
atdrewhouse https co pudktkfauj,pudktkfauj,positive
r u real decide worthy husband im shook everyday love u baby https co l5lhacotfk,"love,",love
r u real decide worthy husband im shook everyday love u baby https co l5lhacotfk,"worthy,",love
r u real decide worthy husband im shook everyday love u baby https co l5lhacotfk,husband.,love
atdrewhouse https co gqlg48b3l2,"atdrewhouse,",positive
atdrewhouse https co gqlg48b3l2,"co,",positive
atdrewhouse https co gqlg48b3l2,gqlg48b3l2.,positive
atrorykramer https co cpobknadnb,atro,positive
atrorykramer https co cpobknadnb,ramer,positive
atrorykramer https co cpobknadnb,CPCO,positive
https co msvlfbklof,"follow,",positive
https co msvlfbklof,"like,",positive
https co msvlfbklof,retweet.,positive
https co q9stwhkd3b,"love,",positive
https co q9stwhkd3b,"happy,",positive
https co q9stwhkd3b,awesome.,positive
queen enough spend everyday making feel like queen grandma would say portuguese accent happy bursday baby love end time https co pj6rsvikzj,enough,Happy Birthday to my baby!
queen enough spend everyday making feel like queen grandma would say portuguese accent happy bursday baby love end time https co pj6rsvikzj,spend,Happy Birthday to my baby!
queen enough spend everyday making feel like queen grandma would say portuguese accent happy bursday baby love end time https co pj6rsvikzj,portuugees,Happy Birthday to my baby!
forever life never made sense became wife never stop loving never stop holding never stop protecting https co bqgj4kbh4f,forever,love
forever life never made sense became wife never stop loving never stop holding never stop protecting https co bqgj4kbh4f,"life,",love
forever life never made sense became wife never stop loving never stop holding never stop protecting https co bqgj4kbh4f,never stop,love
forever life never made sense became wife never stop loving never stop holding never stop protecting https co bqgj4kbh4f,"protecting,",love
forever life never made sense became wife never stop loving never stop holding never stop protecting https co bqgj4kbh4f,never stop,love
forever life never made sense became wife never stop loving never stop holding never stop protecting https co bqgj4kbh4f,"holding,",love
beloved birthday squish heart belongs eyes belong lips belong blessed https co gyc5m760dh,"beloved,",beloved
beloved birthday squish heart belongs eyes belong lips belong blessed https co gyc5m760dh,squish,beloved
beloved birthday squish heart belongs eyes belong lips belong blessed https co gyc5m760dh,heart.,beloved
justiceworldtour https co cuzpwevcv0 https co xwb2elc4zb,"justice,",positive
justiceworldtour https co cuzpwevcv0 https co xwb2elc4zb,"world tour,",positive
justiceworldtour https co cuzpwevcv0 https co xwb2elc4zb,tour.,positive
https co 52vqcgsgia,"love,",positive
https co 52vqcgsgia,"happy,",positive
https co 52vqcgsgia,awesome.,positive
cant believe 12 years old amazing sweet handsome special boy im honored big brother https co hakz3oacmr,"amazing,",excited
cant believe 12 years old amazing sweet handsome special boy im honored big brother https co hakz3oacmr,"handsome,",excited
cant believe 12 years old amazing sweet handsome special boy im honored big brother https co hakz3oacmr,special.,excited
atthewavexr bieberwave happening nov 20 21 https co 8knstridql https co xp8996eegr,attempt,positive
atthewavexr bieberwave happening nov 20 21 https co 8knstridql https co xp8996eegr,happening,positive
atthewavexr bieberwave happening nov 20 21 https co 8knstridql https co xp8996eegr,Nov 20,positive
atdrewhouse https co rgmijherpt,"atdrewhouse,",positive
atdrewhouse https co rgmijherpt,"co rgmijherpt,",positive
atdrewhouse https co rgmijherpt,co rgmijherp.,positive
lonely christmas atbrysontiller atpoobear https co lflwflsiwi,"lonelily,",positive
lonely christmas atbrysontiller atpoobear https co lflwflsiwi,atbrysontiller,positive
lonely christmas atbrysontiller atpoobear https co lflwflsiwi,atpoobear.,positive
ready https co uii864kokb bieberwave atthewavexr,ready,positive
ready https co uii864kokb bieberwave atthewavexr,co,positive
ready https co uii864kokb bieberwave atthewavexr,ui,positive
atrorykramer https co joufcwne7w,atro,positive
atrorykramer https co joufcwne7w,co,positive
atrorykramer https co joufcwne7w,and,positive
atrorykramer https co joufcwne7w,joufcwne7w,positive
great day boy atsamtompkinsuk atrorykramer https co a2wjwobrxl,"great,",great
great day boy atsamtompkinsuk atrorykramer https co a2wjwobrxl,"boy,",great
great day boy atsamtompkinsuk atrorykramer https co a2wjwobrxl,at.,great
great day boy atsamtompkinsuk atrorykramer https co a2wjwobrxl,"Atsam Tompkins,",great
atrorykramer https co 1dmdvkum7i,"action,",positive
atrorykramer https co 1dmdvkum7i,"heroic,",positive
atrorykramer https co 1dmdvkum7i,war.,positive
atrorykramer https co v7kxfbuwif,"atro,",positive
atrorykramer https co v7kxfbuwif,"ramer,",positive
atrorykramer https co v7kxfbuwif,"co,",positive
today atthewavexr 6pm pt 9pm et bieberwave join https co 8knstridql https co yj5ulprv7r,"attempt,",positive
today atthewavexr 6pm pt 9pm et bieberwave join https co 8knstridql https co yj5ulprv7r,"achievement,",positive
today atthewavexr 6pm pt 9pm et bieberwave join https co 8knstridql https co yj5ulprv7r,join.,positive
youre american express cardmember get early access justiceworldtour tickets select eu amp anz cities terms apply supply limited details https co vzfv2mdmij https co bhsqhfbnl4,"get,",positive.
youre american express cardmember get early access justiceworldtour tickets select eu amp anz cities terms apply supply limited details https co vzfv2mdmij https co bhsqhfbnl4,"justiceworldtour,",positive.
youre american express cardmember get early access justiceworldtour tickets select eu amp anz cities terms apply supply limited details https co vzfv2mdmij https co bhsqhfbnl4,supply.,positive.
part 2 atrorykramer https co n93paxtjnu,"part 2,",positive
part 2 atrorykramer https co n93paxtjnu,"atrophy,",positive
part 2 atrorykramer https co n93paxtjnu,co.,positive
part 1 atrorykramer https co c4lxlfarcr,part 1,positive
part 1 atrorykramer https co c4lxlfarcr,co,positive
part 1 atrorykramer https co c4lxlfarcr,c4lxlfarcr,positive
hailey bieber x atdrewhouse atamberasalyy https co jqfx5qjceq,"love,",positive
hailey bieber x atdrewhouse atamberasalyy https co jqfx5qjceq,happy,positive
hailey bieber x atdrewhouse atamberasalyy https co jqfx5qjceq,happily.,positive
hailey bieber x atdrewhouse atamberasalyy https co ml2id37idl,hi,positive
hailey bieber x atdrewhouse atamberasalyy https co ml2id37idl,bye,positive
hailey bieber x atdrewhouse atamberasalyy https co ml2id37idl,at,positive
love see atkanyewest atdrake https co tkrd2e0aoc,"love,",love
love see atkanyewest atdrake https co tkrd2e0aoc,see,love
love see atkanyewest atdrake https co tkrd2e0aoc,atkanyewest.,love
see live metaverse tomorrow 11 18 atthewavexr bieberwave sign https co 8knstridql,see,positive
see live metaverse tomorrow 11 18 atthewavexr bieberwave sign https co 8knstridql,live,positive
see live metaverse tomorrow 11 18 atthewavexr bieberwave sign https co 8knstridql,atthewavexr,positive
see live metaverse tomorrow 11 18 atthewavexr bieberwave sign https co 8knstridql https co lgkedx1zrw,"see,",positive
see live metaverse tomorrow 11 18 atthewavexr bieberwave sign https co 8knstridql https co lgkedx1zrw,"live,",positive
see live metaverse tomorrow 11 18 atthewavexr bieberwave sign https co 8knstridql https co lgkedx1zrw,atthewavexr.,positive
justice world tour special guest atjaden ateddiebenjamin atharryhudson atofficialmateo https co 8enmto0zqm,,positive
justice world tour 2022international tickets sale friday https co cuzpwevcv0 https co tqemmjniqo,"justice,",positive
justice world tour 2022international tickets sale friday https co cuzpwevcv0 https co tqemmjniqo,"world tour 2022,",positive
justice world tour 2022international tickets sale friday https co cuzpwevcv0 https co tqemmjniqo,international tickets sale.,positive
love brother atusher https co wzpctc68h1,"love,",love
love brother atusher https co wzpctc68h1,brother,love
love brother atusher https co wzpctc68h1,Atsu.,love
thanks atdavechappelle night minneapolis night https co prgud9wjca,thanks,thanks
thanks atdavechappelle night minneapolis night https co prgud9wjca,atdavechappelle,thanks
thanks atdavechappelle night minneapolis night https co prgud9wjca,night,thanks
bieberwave 11 18 21 6pm ptsign atthewavexr sign https co 8knstridqlhttps co 3kxnv31vco,"sign,",positive
bieberwave 11 18 21 6pm ptsign atthewavexr sign https co 8knstridqlhttps co 3kxnv31vco,"atthewavexr,",positive
bieberwave 11 18 21 6pm ptsign atthewavexr sign https co 8knstridqlhttps co 3kxnv31vco,co.,positive
brother atdevotaylordrums amazing person inspire everyday https co tkt2wrzjf8,,amazing
atrorykramer https co 2l3zvxsizn,atro,positive
atrorykramer https co 2l3zvxsizn,co2l3zvxsizn,positive
atrorykramer https co 2l3zvxsizn,2l3zvxsizn,positive
atrorykramer https co bj3aqckkri,atro,positive
atrorykramer https co bj3aqckkri,ramer,positive
atrorykramer https co bj3aqckkri,co,positive
atrorykramer https co fexh93e6xh,atro,positive
atrorykramer https co fexh93e6xh,ramer,positive
atrorykramer https co fexh93e6xh,co,positive
atrorykramer https co plmv0thfug,"atro,",positive
atrorykramer https co plmv0thfug,"plmv0thfug,",positive
atrorykramer https co plmv0thfug,co.,positive
atrorykramer https co whebqbzxgt,atro,positive
atrorykramer https co whebqbzxgt,co,positive
atrorykramer https co whebqbzxgt,whebq,positive
atrorykramer https co gw9aunnsaq,"atro,",positive
atrorykramer https co gw9aunnsaq,"co,",positive
atrorykramer https co gw9aunnsaq,gw9aunnsaq.,positive
atrorykramer https co xk5idzg7fa,atro,positive
atrorykramer https co xk5idzg7fa,ramer,positive
atrorykramer https co xk5idzg7fa,co,positive
atrorykramer https co wgnxzpmxwk,atro,positive
atrorykramer https co wgnxzpmxwk,ramer,positive
atrorykramer https co wgnxzpmxwk,co,positive
atrorykramer https co hmeqfacfks,atro,positive
atrorykramer https co hmeqfacfks,co,positive
atrorykramer https co hmeqfacfks,hmeqfac,positive
check podcast marriage hailey atjudahsmith atchelseasmith https co ttx3wvcf5e https co 71g6dshj74,"podcast,",positive
check podcast marriage hailey atjudahsmith atchelseasmith https co ttx3wvcf5e https co 71g6dshj74,"marriage,",positive
check podcast marriage hailey atjudahsmith atchelseasmith https co ttx3wvcf5e https co 71g6dshj74,hail.,positive
check podcast marriage hailey atjudahsmith atchelseasmith https co ttx3wvcf5e https co 71g6dshj74,marriage,positive
check podcast marriage hailey atjudahsmith atchelseasmith https co ttx3wvcf5e https co 71g6dshj74,hail.,positive
rockin around christmas tree https co 0mir7io2mh,"rockin,","""rockin around Christmas tree"""
rockin around christmas tree https co 0mir7io2mh,around,"""rockin around Christmas tree"""
rockin around christmas tree https co 0mir7io2mh,tree.,"""rockin around Christmas tree"""
https co fegsqpknov https co fpt4x4fng9,"follow,",positive
https co fegsqpknov https co fpt4x4fng9,"like,",positive
https co fegsqpknov https co fpt4x4fng9,retweet.,positive
vegas wait see tonight 1am,"wait,",positive
vegas wait see tonight 1am,"see,",positive
vegas wait see tonight 1am,tonight.,positive
https co ys5pmietoa https co fehhoxzbwa,"follow,",positive
https co ys5pmietoa https co fehhoxzbwa,"like,",positive
https co ys5pmietoa https co fehhoxzbwa,retweet.,positive
atdiane keaton https co i2ejb5bqxx,"atdiane keaton,",positive
atdiane keaton https co i2ejb5bqxx,"co,",positive
atdiane keaton https co i2ejb5bqxx,i2ejb5bqxx.,positive
complete edition 3 additional tracks https co j0iogvrb4s https co jcnea3fw80,"complete edition 3 additional tracks,",positive
complete edition 3 additional tracks https co j0iogvrb4s https co jcnea3fw80,"co j0iogvrb4s,",positive
complete edition 3 additional tracks https co j0iogvrb4s https co jcnea3fw80,co jcnea3fw80.,positive
said,"said,",said
said,love,said
said,hope.,said
3 unreleased songs friday red eye angels speak hailey https co ykscvgd7gu,"red eye,",unreleased
3 unreleased songs friday red eye angels speak hailey https co ykscvgd7gu,"Angels,",unreleased
3 unreleased songs friday red eye angels speak hailey https co ykscvgd7gu,Hailie.,unreleased
world oct 8th https co rtr3nyr8wp,"world,",positive
world oct 8th https co rtr3nyr8wp,"8th,",positive
world oct 8th https co rtr3nyr8wp,Oct.,positive
join oct 2nd tix sale,"join,",positive
join oct 2nd tix sale,"sale,",positive
join oct 2nd tix sale,Tix.,positive
movie embodies teamwork living purpose cant wait see thank everyone involved https co qxbajzlt3c,,excited
excited support atshaq help underserved kids click learn https co 1kxjgkfg8d https co sri9bd7w66,"excited,",excited
excited support atshaq help underserved kids click learn https co 1kxjgkfg8d https co sri9bd7w66,"support,",excited
excited support atshaq help underserved kids click learn https co 1kxjgkfg8d https co sri9bd7w66,click.,excited
today last day bid amazing project medishare 4 haiti ground providing critical medical care distributing food hygiene kits families affected devastating 7 2 earthquake haiti https co e5qjkrw9um,,positive
experience ghost atdolby atmos https co oannwoatuq,"experience,",positive
experience ghost atdolby atmos https co oannwoatuq,"ghost,",positive
experience ghost atdolby atmos https co oannwoatuq,atmosphere.,positive
https co nhwyftlp2y,"follow,",positive
https co nhwyftlp2y,"like,",positive
https co nhwyftlp2y,retweet.,positive
atmedishare4haiti ground providing critical medical care distributing food hygiene kits families affected devastating 7 2 earthquake haiti set auction atproplr raise funds lifesaving work https co e5qjkrw9um https co ghq4keadhj,atm,positive
atmedishare4haiti ground providing critical medical care distributing food hygiene kits families affected devastating 7 2 earthquake haiti set auction atproplr raise funds lifesaving work https co e5qjkrw9um https co ghq4keadhj,medicare,positive
atmedishare4haiti ground providing critical medical care distributing food hygiene kits families affected devastating 7 2 earthquake haiti set auction atproplr raise funds lifesaving work https co e5qjkrw9um https co ghq4keadhj,food,positive
https co kjdas8cqb1 https co ekpc8vsrm8,"follow,",positive
https co kjdas8cqb1 https co ekpc8vsrm8,"like,",positive
https co kjdas8cqb1 https co ekpc8vsrm8,retweet.,positive
https co hpbldglhdy,"build,",positive
https co hpbldglhdy,"home,",positive
https co hpbldglhdy,house.,positive
sign via link https co jlivja5ze6 atpollen atwynnnightlife https co lxshmr0pkm,"sign up,",positive
sign via link https co jlivja5ze6 atpollen atwynnnightlife https co lxshmr0pkm,"follow us on twitter,",positive
sign via link https co jlivja5ze6 atpollen atwynnnightlife https co lxshmr0pkm,like.,positive
friday atskrillex atdontoliver https co bvqbdywckw,"friday,",positive
friday atskrillex atdontoliver https co bvqbdywckw,at,positive
friday atskrillex atdontoliver https co bvqbdywckw,liver,positive
thank u letting jump song summer essence remix tonight https co sn3hvpnood,jump,thank
thank u letting jump song summer essence remix tonight https co sn3hvpnood,summer,thank
thank u letting jump song summer essence remix tonight https co sn3hvpnood,essence,thank
atthekidlaroi,attheki,attheki
atthekidlaroi,dlar,attheki
atthekidlaroi,loi,attheki
planning one heading vegas taking friends sign info atpollen https co jlivja5ze6 https co zmboat8wya,"planning,",positive
planning one heading vegas taking friends sign info atpollen https co jlivja5ze6 https co zmboat8wya,taking,positive
planning one heading vegas taking friends sign info atpollen https co jlivja5ze6 https co zmboat8wya,signing.,positive
outside stay right,"outside,",positive
outside stay right,"stay right,",positive
outside stay right,right.,positive
stay montage atthekidlaroi https co yg92g4xnfm,stay,positive
stay montage atthekidlaroi https co yg92g4xnfm,attheki,positive
stay montage atthekidlaroi https co yg92g4xnfm,dlar,positive
stay atthekidlaroi https co b95ju8i6yi https co 5k58khfap3,"stay,",positive
stay atthekidlaroi https co b95ju8i6yi https co 5k58khfap3,atthekidlaroi,positive
stay atthekidlaroi https co b95ju8i6yi https co 5k58khfap3,co.,positive
friday stay atthekidlaroi https co fetd51ny5e,"friday,",positive
friday stay atthekidlaroi https co fetd51ny5e,"stay,",positive
friday stay atthekidlaroi https co fetd51ny5e,atthekidlar.,positive
pre save unlock cover atthekidlaroi stay,pre,pre
pre save unlock cover atthekidlaroi stay,save,pre
pre save unlock cover atthekidlaroi stay,stay,pre
justice vinylhttps co d0ff7iwwif https co fx1k2armnc,"justice,",justice
justice vinylhttps co d0ff7iwwif https co fx1k2armnc,"vinyl,",justice
justice vinylhttps co d0ff7iwwif https co fx1k2armnc,co.,justice
july 9,"love,",positive
july 9,happy,positive
july 9,july,positive
see atmigos culture iii https co smzpy2fkgi https co 2gadbwzjdl,"see,",positive
see atmigos culture iii https co smzpy2fkgi https co 2gadbwzjdl,atmigo,positive
see atmigos culture iii https co smzpy2fkgi https co 2gadbwzjdl,culture.,positive
see vegas,"see,",positive
see vegas,"vegas,",positive
see vegas,tweet.,positive
peaches merch https co llodvc9ajo https co f3rbihjram,shop,positive
peaches merch https co llodvc9ajo https co f3rbihjram,offer,positive
peaches merch https co llodvc9ajo https co f3rbihjram,sale,positive
peaches remix atludacris atusher atsnoopdogg https co xzgelderlw https co ebgv4hqwyc,"remix,",positive
peaches remix atludacris atusher atsnoopdogg https co xzgelderlw https co ebgv4hqwyc,"atluda,",positive
peaches remix atludacris atusher atsnoopdogg https co xzgelderlw https co ebgv4hqwyc,atsnoop.,positive
